fecha_hora,BAR-TORR,GIR-EPM,COP-CVID,BEL-FEVE,MED-ARAN,MED-PBLQ,MED-SCRI,MED-FISC,MED-VILL,CEN-TRAF,MED-BEME,MED-SELE,MED-PROV,MED-ALTA,MED-CES,MED-TESO,ITA-CJUS,ITA-CONC,ENV-HOSP,EST-HOSP,SAB-RAME,EST-TABL,CAL-JOAR
2026-06-01 00:00:00,1.15802,9.0,10.521,10.6259,5.92813,9.0,8.54759,10.0,2.39313,6.0,8.39406,2.58876,1.0,9.49788,9.25269,6.0138,6.0,10.0,4.73254,6.0,9.46955,8.34325,6.02905
2026-06-01 01:00:00,5.78707,6.0,3.50455,4.71866,5.93901,6.0,,9.0,0.5,10.0,21.5544,,2.0,11.8529,2.88192,7.2203,13.0,7.0,3.54747,5.0,7.1019,7.15868,14.448
2026-06-01 02:00:00,3.47053,6.0,8.16889,16.5121,10.6789,8.0,7.30933,10.0,5.98279,7.0,11.9547,0.5,4.0,2.36974,3.24308,6.01158,27.0,4.0,4.72963,5.0,4.73423,9.52748,7.20891
2026-06-01 03:00:00,4.62538,8.0,3.49384,11.7745,10.6707,9.0,10.9347,19.0,1.19439,15.0,14.32,3.89547,4.0,10.6531,5.16292,6.0002,16.0,8.0,5.90433,4.0,5.90433,8.31891,4.79735
2026-06-01 04:00:00,3.46995,4.0,11.6382,19.9743,13.0125,15.0,7.26796,13.0,0.5,20.0,22.6112,1.29508,7.0,9.44126,0.359643,2.3948,23.0,7.0,2.35379,6.0,5.89127,9.4803,7.1786
2026-06-01 05:00:00,3.46194,5.0,8.1295,11.7303,11.8024,8.0,9.66728,25.0,5.94904,19.0,27.3199,0.5,12.0,15.3025,3.34919,7.17559,14.0,7.0,11.753,7.0,9.40197,17.7594,7.15339
2026-06-01 06:00:00,4.61775,10.0,11.6063,15.2597,23.5857,11.0,19.3457,33.0,4.75293,34.0,24.9841,5.17968,14.0,24.7717,14.4463,11.9458,13.0,12.0,4.71096,23.0,4.7092,11.8647,13.1409
2026-06-01 07:00:00,9.2901,9.0,11.6741,20.0562,16.5394,12.0,18.2361,24.0,14.3316,19.0,20.4856,,13.0,21.4807,13.962,26.4001,27.0,20.0,16.6145,27.0,29.7995,43.0839,26.5073
2026-06-01 08:00:00,11.6662,6.0,7.07088,21.4565,9.5323,16.0,12.3048,20.0,26.5035,26.0,21.9561,3.92424,15.0,14.4965,20.5975,27.8036,21.0,11.0,21.4521,31.0,29.9976,32.5728,24.2471
2026-06-01 09:00:00,17.6255,4.0,16.6844,14.4475,18.0664,8.0,11.1391,34.0,9.7081,19.0,9.81106,14.465,10.0,9.72436,15.484,23.1198,12.0,16.0,20.5413,26.0,16.9364,23.0432,26.8017
2026-06-01 10:00:00,9.45658,5.0,3.58777,9.70843,8.44651,9.0,13.6855,27.0,7.30972,27.0,13.6001,,10.0,6.11268,8.91622,14.6615,18.0,8.0,10.9363,16.0,12.1808,21.9844,15.9514
2026-06-01 11:00:00,4.75115,6.0,8.43444,8.56283,14.6001,9.0,1.24732,24.0,3.68449,9.0,4.9544,1.32013,6.0,9.81305,6.86505,6.13949,18.0,8.0,9.76839,22.0,15.8653,26.9214,19.6589
2026-06-01 12:00:00,14.3614,5.0,2.42162,9.8085,8.59294,8.0,7.52313,6.0,2.46639,6.0,,2.65166,3.0,8.63122,3.69924,11.1446,10.0,10.0,8.57344,8.0,8.54099,11.0534,13.5912
2026-06-01 13:00:00,12.0364,7.0,1.21291,4.90282,9.82828,10.0,12.5764,3.0,6.1929,19.0,7.46074,10.637,6.0,,5.71476,7.46167,19.0,9.0,9.82658,12.0,13.4918,17.242,13.6402
2026-06-01 14:00:00,7.23277,4.0,2.43027,1.22709,1.23184,7.0,1.25774,7.0,8.67502,14.0,,0.5,4.0,6.18531,5.22984,4.97411,9.0,6.0,13.5179,23.0,13.5661,14.8784,9.95766
2026-06-01 15:00:00,,4.0,4.85457,11.0652,7.39097,8.0,5.03298,18.0,3.71629,19.0,1.24277,5.31612,5.0,,0.5,3.727,6.0,8.0,6.14504,6.0,3.67971,13.6048,8.71353
2026-06-01 16:00:00,0.5,3.0,2.41668,1.21987,4.89811,10.0,7.52072,12.0,,9.0,0.5,0.5,3.0,,1.62031,,8.0,18.0,6.10101,5.0,4.85839,13.3639,8.51626
2026-06-01 17:00:00,,9.0,3.60514,4.84829,6.06864,7.0,6.2252,8.0,,11.0,,0.5,,,6.21026,3.6669,7.0,6.0,,0.5,,,5.99114
2026-06-01 18:00:00,,6.0,1.19115,5.9951,3.60902,11.0,11.1113,,,10.0,3.62984,0.5,5.0,16.8398,3.80374,0.5,9.0,4.0,2.39122,2.0,4.76007,7.14922,11.984
2026-06-01 19:00:00,1.17215,16.0,9.45496,17.9278,13.2039,23.0,12.2891,19.0,6.02041,20.0,24.0961,2.60481,17.0,19.1166,8.50132,8.48529,7.0,9.0,5.9559,8.0,5.94016,19.061,11.9739
2026-06-01 20:00:00,0.5,14.0,7.07046,11.9068,14.3527,11.0,19.5584,19.0,12.0133,30.0,24.0625,7.79613,20.0,13.1013,8.84201,13.2741,22.0,18.0,13.0683,7.0,3.55106,17.849,10.7784
2026-06-01 21:00:00,6.97939,10.0,8.21621,10.6774,16.6815,,17.0472,20.0,10.8053,17.0,6.01068,3.89457,21.0,17.8711,10.1417,9.6397,32.0,24.0,13.0507,13.0,4.7304,14.2507,11.9656
2026-06-01 22:00:00,4.64292,5.0,7.03321,9.4661,8.32593,12.0,,18.0,13.1988,13.0,19.1505,7.78236,2.0,,11.6795,13.2448,39.0,16.0,10.655,16.0,11.8312,18.9613,14.3423
2026-06-01 23:00:00,8.11093,10.0,9.37023,24.7977,11.8794,14.0,29.1419,22.0,10.7792,12.0,26.2624,1.29746,6.0,,11.0569,13.2224,31.0,11.0,8.27788,11.0,12.9875,20.1514,10.7425
2026-06-02 00:00:00,3.46836,8.0,5.84399,10.6109,13.0375,12.0,24.2349,16.0,7.16128,17.0,25.056,3.89215,7.0,,9.12277,9.59295,29.0,8.0,11.802,12.0,11.7906,21.3177,14.3054
2026-06-02 01:00:00,6.93566,14.0,14.0028,12.9581,11.8471,12.0,16.9604,19.0,4.77089,14.0,21.4651,2.59143,12.0,12.9896,6.11023,11.9903,19.0,8.0,10.6083,11.0,12.966,14.1955,10.721
2026-06-02 02:00:00,4.62842,11.0,10.5127,17.6682,11.8501,11.0,12.1532,18.0,2.38535,20.0,25.012,7.77228,17.0,14.1851,12.9367,11.9859,33.0,7.0,7.06348,10.0,11.796,23.6643,9.534
2026-06-02 03:00:00,2.31095,25.0,11.6694,10.5929,11.846,18.0,3.64275,22.0,5.97171,9.0,21.419,6.48064,22.0,11.8088,7.7817,14.3873,36.0,9.0,5.89593,8.0,9.42876,21.2644,9.53119
2026-06-02 04:00:00,5.7781,26.0,22.1664,5.87842,13.0136,18.0,12.1086,32.0,11.9106,25.0,22.597,3.88347,14.0,15.3347,5.99089,14.3677,30.0,10.0,12.9487,8.0,12.9559,18.8864,20.2566
2026-06-02 05:00:00,11.5319,17.0,23.2638,12.9286,22.4757,26.0,14.5192,43.0,10.7044,32.0,30.8973,3.8792,22.0,15.3196,7.8918,8.37514,32.0,24.0,12.9336,7.0,14.1271,35.4267,23.8085
2026-06-02 06:00:00,10.3799,20.0,29.11,17.67,18.9125,27.0,19.3763,47.0,15.4794,38.0,29.8167,2.59002,23.0,25.9477,15.7731,14.3598,31.0,20.0,10.5972,16.0,14.1447,40.1914,22.6289
2026-06-02 07:00:00,23.2616,31.0,23.396,27.186,21.3703,30.0,21.8814,33.0,17.9682,41.0,39.5542,1.2976,38.0,32.0911,14.0003,19.2393,29.0,22.0,13.0287,19.0,23.7266,32.0445,22.7432
2026-06-02 08:00:00,14.0314,25.0,22.4924,,19.1321,25.0,25.7738,28.0,35.0538,36.0,29.0815,6.53539,30.0,34.8513,8.90853,20.5668,34.0,26.0,22.6876,32.0,34.7657,29.9593,24.1925
2026-06-02 09:00:00,20.0716,14.0,14.3498,18.076,14.4654,22.0,28.4484,35.0,17.0522,48.0,24.4985,5.26075,27.0,25.5144,25.4632,32.8707,31.0,14.0,26.5304,26.0,31.4432,43.5904,35.3581
2026-06-02 10:00:00,7.13422,7.0,15.6571,14.567,19.4794,13.0,22.4115,42.0,18.3994,34.0,18.5309,6.59305,27.0,20.7823,26.9835,29.431,22.0,23.0,32.8033,22.0,26.7049,25.5951,24.5235
2026-06-02 11:00:00,10.7956,4.0,6.05449,11.0141,4.89112,8.0,12.5104,26.0,9.86672,15.0,12.408,1.32478,15.0,17.2091,11.0607,11.1357,16.0,17.0,20.8129,26.0,26.8654,35.5639,18.4669
2026-06-02 12:00:00,3.59889,4.0,3.63556,1.22547,6.1459,6.0,12.5524,13.0,0.5,5.0,3.7217,1.32406,2.0,3.69417,7.31031,11.1898,30.0,17.0,17.1768,23.0,12.2279,14.7329,14.8309
2026-06-02 13:00:00,8.41191,0.5,7.29074,7.37582,7.40769,6.0,11.2975,8.0,3.7123,11.0,0.5,1.32631,3.0,11.0954,0.623119,3.72456,20.0,8.0,9.80787,9.0,14.7008,17.9565,11.1702
2026-06-02 14:00:00,4.82116,0.5,,9.83342,2.46788,2.0,8.79349,8.0,8.65662,13.0,3.71537,2.6527,1.0,11.083,2.49204,2.48231,7.0,17.0,6.13576,6.0,8.56158,12.2956,9.89704
2026-06-02 15:00:00,4.8251,4.0,,3.66957,1.23028,2.0,11.2934,12.0,1.23442,9.0,14.8366,0.5,6.0,8.57924,0.124434,3.72015,13.0,18.0,6.11473,5.0,6.09657,9.80458,11.1065
2026-06-02 16:00:00,,6.0,2.41677,4.87123,4.90242,6.0,13.7712,25.0,1.23014,21.0,6.14961,7.92841,13.0,0.5,13.2965,8.6333,9.0,11.0,12.1709,7.0,2.42988,9.78064,8.63232
2026-06-02 17:00:00,,8.0,7.2133,6.06501,7.31684,10.0,11.2207,11.0,,11.0,28.1281,7.89656,14.0,20.6443,11.3869,9.82426,16.0,11.0,6.05084,11.0,0.5,6.09304,11.0527
2026-06-02 18:00:00,0.5,9.0,4.77198,7.23017,7.27699,13.0,11.1468,12.0,,17.0,31.6317,5.23636,17.0,14.4799,6.0264,9.78887,29.0,22.0,8.41981,8.0,6.02287,14.529,8.53751
2026-06-02 19:00:00,3.52198,13.0,5.93004,8.38659,19.3167,16.0,9.83913,22.0,8.49987,4.0,14.5535,6.5335,25.0,18.015,2.44414,12.1912,29.0,16.0,8.38418,8.0,2.39612,25.3502,9.72134
2026-06-02 20:00:00,1.16919,11.0,10.6358,10.7464,12.008,19.0,17.1405,18.0,10.8884,31.0,13.2977,6.50896,16.0,9.5733,11.4277,19.4541,31.0,17.0,10.7474,6.0,10.7427,27.6666,12.1102
2026-06-02 21:00:00,5.83422,12.0,8.24267,11.8874,9.56416,9.0,12.2055,14.0,8.44836,17.0,24.0788,7.78015,8.0,19.0585,11.6518,15.7515,33.0,18.0,5.97031,7.0,10.7172,,12.0766
2026-06-02 22:00:00,4.65581,13.0,,10.6824,10.73,10.0,13.4126,13.0,7.21769,12.0,4.80551,2.5916,8.0,15.4698,3.63077,14.497,16.0,13.0,17.862,12.0,11.881,,19.2605
2026-06-02 23:00:00,6.97047,13.0,,7.10964,8.34513,17.0,12.2014,13.0,2.4033,14.0,4.80899,5.18084,7.0,19.0643,7.12976,15.6944,14.0,12.0,10.7029,13.0,4.74532,,28.9347
2026-06-03 00:00:00,3.47696,7.0,,8.27464,9.51809,11.0,15.8667,12.0,7.20522,10.0,21.5827,2.59434,6.0,14.273,8.08125,9.6399,9.0,10.0,9.49983,7.0,9.4879,16.7253,25.3223
2026-06-03 01:00:00,4.63723,9.0,14.0416,5.90751,13.0857,11.0,9.74429,18.0,2.39607,17.0,22.739,,11.0,8.30587,7.58948,10.8427,19.0,6.0,2.36924,11.0,7.11265,15.5035,32.535
2026-06-03 02:00:00,5.79858,16.0,10.533,2.36131,9.50278,11.0,7.2914,14.0,4.79252,7.0,27.4919,5.18045,9.0,13.044,1.5636,10.8233,11.0,5.0,2.3658,8.0,5.91739,21.4526,30.0857
2026-06-03 03:00:00,,15.0,16.3561,7.07649,11.864,6.0,7.28275,20.0,5.98124,19.0,29.8511,5.17681,8.0,13.0274,5.28481,7.20846,21.0,9.0,5.90677,8.0,9.45415,20.2407,11.9963
2026-06-03 04:00:00,6.94582,11.0,15.1776,9.42924,11.8617,8.0,10.9145,16.0,1.19514,15.0,25.0506,1.2942,13.0,14.1954,2.75872,12.0125,24.0,8.0,7.08247,4.0,8.28313,32.1445,14.3944
2026-06-03 05:00:00,9.26158,15.0,17.5301,11.7992,9.48649,9.0,21.8308,20.0,7.17156,19.0,32.2195,1.29362,10.0,7.09784,7.67783,12.0039,32.0,13.0,7.08094,7.0,13.0089,33.362,24.0133
2026-06-03 06:00:00,4.61848,10.0,12.8491,12.9827,10.6691,10.0,15.794,27.0,9.57082,22.0,38.276,6.47242,20.0,34.3423,16.0699,14.4024,28.0,13.0,14.1689,20.0,16.5674,65.6146,20.4303
2026-06-03 07:00:00,10.4087,12.0,8.19216,17.7419,16.6237,14.0,26.8392,21.0,14.398,28.0,24.047,7.76802,16.0,29.7974,13.4395,16.8729,30.0,21.0,11.8645,21.0,15.4849,50.3352,18.0659
2026-06-03 08:00:00,11.6303,15.0,14.1187,10.7037,15.4992,11.0,22.053,19.0,16.8675,20.0,13.3333,3.90915,10.0,18.0706,7.48086,19.386,19.0,13.0,14.3462,24.0,23.9951,27.7462,18.218
2026-06-03 09:00:00,16.367,12.0,22.6028,18.009,10.8154,6.0,20.9873,21.0,10.9093,21.0,13.4207,13.1566,10.0,8.4758,21.4698,23.1061,12.0,7.0,19.27,19.0,19.3341,13.3484,20.757
2026-06-03 10:00:00,7.01478,8.0,13.1422,14.4514,16.9495,7.0,14.8518,37.0,9.75263,23.0,18.3406,11.8587,10.0,7.28275,16.9232,26.8368,16.0,17.0,20.5153,19.0,13.3237,23.0794,15.8957
2026-06-03 11:00:00,7.03869,14.0,10.7414,13.2754,9.68643,11.0,18.6303,23.0,12.1914,27.0,13.4953,13.0681,17.0,12.1742,18.9539,19.5885,23.0,17.0,14.5344,19.0,16.957,20.6667,12.2353
2026-06-03 12:00:00,8.25557,7.0,3.5739,10.7338,19.2251,12.0,23.6139,15.0,0.5,40.0,17.1316,24.812,23.0,20.6814,28.3042,18.2304,23.0,17.0,13.2812,12.0,12.1193,19.5059,15.9635
2026-06-03 13:00:00,9.48642,16.0,7.14062,,2.3836,21.0,3.7048,10.0,7.20681,19.0,4.8457,18.3149,12.0,13.2472,15.4276,15.7478,17.0,15.0,20.4437,7.0,5.97549,9.63415,13.3472
2026-06-03 14:00:00,,9.0,10.7134,17.8803,25.0981,20.0,16.0442,29.0,19.2334,37.0,15.76,7.83419,14.0,30.0658,20.4941,27.8583,21.0,13.0,4.77601,8.0,5.92552,25.1354,20.4977
2026-06-03 15:00:00,,9.0,26.1306,20.2664,,27.0,18.4509,26.0,13.1747,20.0,11.9745,15.656,13.0,5.93801,10.5464,3.61001,12.0,13.0,8.28372,12.0,2.36188,2.37723,0.5
2026-06-03 16:00:00,,17.0,18.934,19.0219,,8.0,19.6151,25.0,4.79,14.0,22.7806,11.7754,17.0,29.7585,15.3248,6.01851,19.0,15.0,14.1997,12.0,5.90926,10.7071,11.9998
2026-06-03 17:00:00,,19.0,21.2474,16.6155,20.2676,20.0,23.2705,22.0,4.78077,15.0,25.1841,6.51368,18.0,32.134,9.2944,9.64053,11.0,14.0,17.7619,7.0,15.3851,7.14867,19.2267
2026-06-03 18:00:00,3.50724,18.0,23.5286,20.1385,23.7821,25.0,32.9991,31.0,5.96902,11.0,28.6836,,19.0,14.2192,3.37583,19.2235,16.0,22.0,15.3641,8.0,11.8189,11.9019,13.2047
2026-06-03 19:00:00,,20.0,22.288,21.2848,40.3625,27.0,23.1656,40.0,,23.0,28.6237,2.59165,17.0,18.9213,4.19762,14.4018,29.0,12.0,8.25366,7.0,17.6962,14.2525,7.18431
2026-06-03 20:00:00,3.46216,24.0,16.3873,29.4988,28.4274,27.0,23.1055,29.0,11.912,31.0,29.7707,1.29572,24.0,23.6206,6.46666,20.3638,17.0,16.0,8.24708,8.0,9.43188,17.7857,9.57488
2026-06-03 21:00:00,3.45676,10.0,21.0156,25.9175,23.6836,22.0,20.6489,31.0,14.273,24.0,41.6725,1.29453,17.0,24.7982,3.94866,17.9632,14.0,9.0,18.8298,6.0,11.7944,,5.97226
2026-06-03 22:00:00,6.91361,14.0,13.9859,18.8258,31.9641,19.0,15.765,33.0,13.0883,21.0,32.1313,5.1737,14.0,21.2519,6.94274,16.758,20.0,14.0,9.40245,9.0,8.23544,,10.7441
2026-06-03 23:00:00,8.04539,20.0,16.291,15.2733,24.8295,22.0,13.3256,27.0,15.4422,34.0,30.8769,3.88471,16.0,20.0341,4.78481,14.3411,20.0,12.0,7.04775,7.0,4.70414,,8.35238
2026-06-04 00:00:00,,9.0,20.9167,18.7757,23.6082,23.0,10.892,28.0,21.3918,32.0,27.3351,10.3519,18.0,15.327,9.79537,9.555,17.0,9.0,5.86997,10.0,11.7645,11.8386,8.3463
2026-06-04 01:00:00,5.72295,12.0,9.29108,12.8872,18.8468,7.0,16.951,19.0,22.5966,20.0,19.0374,11.6442,14.0,23.6008,6.92843,10.7538,21.0,13.0,4.69829,8.0,11.7686,22.5059,4.77549
2026-06-04 02:00:00,0.5,10.0,9.27045,7.01166,17.6446,9.0,26.6152,18.0,17.8345,22.0,23.746,6.46748,7.0,21.2335,9.68414,15.5167,15.0,11.0,11.7651,6.0,10.5806,16.599,7.16879
2026-06-04 03:00:00,4.58754,8.0,8.0979,1.16653,4.69151,12.0,22.9646,8.0,17.8185,12.0,11.846,2.58601,6.0,15.3216,8.6034,17.8731,9.0,15.0,21.134,12.0,14.1118,27.2708,16.7327
2026-06-04 04:00:00,1.1465,9.0,10.4106,9.33025,12.8955,16.0,29.0387,18.0,14.2448,7.0,5.93108,2.58475,7.0,4.70899,,9.52488,11.0,19.0,9.38668,20.0,14.127,27.3107,26.3292
2026-06-04 05:00:00,8.02445,9.0,11.5589,13.9883,18.7568,22.0,24.1575,23.0,16.6055,21.0,11.8469,5.16275,10.0,12.9466,,13.0897,9.0,26.0,12.9055,15.0,11.7574,26.1205,28.7224
2026-06-04 06:00:00,9.16971,22.0,13.8676,17.4989,23.4699,23.0,21.7294,29.0,13.0332,34.0,15.4042,2.58214,17.0,30.5922,,16.6614,21.0,25.0,14.0798,22.0,7.05605,27.2852,27.527
2026-06-04 07:00:00,13.7694,33.0,18.518,21.0496,22.3049,30.0,31.4368,31.0,21.3822,36.0,22.5858,2.58524,29.0,31.9316,,16.7049,29.0,24.0,24.7216,33.0,14.1846,33.32,31.1576
2026-06-04 08:00:00,13.8251,13.0,23.2471,29.3174,22.3742,30.0,27.8872,32.0,23.8177,28.0,31.0326,5.17068,24.0,41.5534,,33.4449,30.0,32.0,42.5797,36.0,34.3941,47.7386,40.8897
2026-06-04 09:00:00,8.097,11.0,21.0258,23.6516,22.5172,16.0,29.3111,27.0,25.1514,37.0,22.9749,3.90767,13.0,33.5227,,24.03,32.0,26.0,27.319,39.0,32.2025,36.0207,32.63
2026-06-04 10:00:00,15.0916,8.0,21.1206,13.0989,29.8186,16.0,29.4959,26.0,27.619,38.0,18.2647,6.51045,26.0,25.3158,,33.8689,27.0,32.0,28.6924,34.0,33.6138,41.0741,32.7474
2026-06-04 11:00:00,1.1614,5.0,5.86721,3.55972,8.3304,17.0,13.498,19.0,11.9994,33.0,3.61538,,11.0,13.1747,,18.0711,27.0,24.0,19.0682,31.0,25.2271,24.1898,37.7957
2026-06-04 12:00:00,11.7156,6.0,9.48951,13.1204,8.37453,9.0,17.1459,20.0,10.8335,22.0,6.01558,2.61879,12.0,8.37481,,15.6426,15.0,15.0,14.2539,14.0,8.38593,14.438,12.125
2026-06-04 13:00:00,1.17706,2.0,10.7661,10.8263,14.4922,11.0,19.7653,30.0,18.1563,29.0,13.3459,6.57317,16.0,10.8346,,21.8733,16.0,13.0,16.8548,22.0,21.796,23.0779,9.76329
2026-06-04 14:00:00,8.29331,1.0,8.38922,16.9563,19.4635,12.0,17.395,39.0,29.3177,27.0,28.116,3.9596,16.0,23.0761,,17.1173,10.0,16.0,18.137,20.0,15.6916,13.3269,20.6846
2026-06-04 15:00:00,10.6864,2.0,3.58735,,9.70889,6.0,12.421,23.0,28.0683,29.0,21.9459,1.31531,14.0,21.7502,,26.7327,13.0,20.0,9.53303,10.0,14.3579,21.6217,36.3338
2026-06-04 16:00:00,4.72646,1.0,10.6707,2.37051,1.18725,6.0,17.2409,0.5,,29.0,9.59132,,21.0,9.5338,12.7015,10.8719,27.0,18.0,8.30637,13.0,4.75961,21.5775,39.8847
2026-06-04 17:00:00,,4.0,8.22191,,13.0211,16.0,20.833,32.0,5.99571,41.0,15.569,3.91861,21.0,28.5864,16.2661,18.1114,33.0,18.0,13.0558,13.0,14.264,16.7889,15.7174
2026-06-04 18:00:00,,5.0,9.39678,14.1033,,31.0,11.0102,39.0,11.9724,33.0,25.0767,,37.0,17.8027,11.4991,28.8858,39.0,19.0,10.6409,11.0,13.0341,16.7251,15.6822
2026-06-04 19:00:00,0.5,6.0,5.8531,1.17076,7.08254,16.0,19.5493,8.0,17.9235,17.0,22.6918,2.59411,10.0,20.1532,10.226,22.8171,43.0,27.0,15.3464,12.0,9.46427,20.2754,15.624
2026-06-04 20:00:00,5.797,7.0,8.14283,8.18893,14.1584,5.0,19.4605,15.0,16.7021,20.0,9.53148,6.47089,8.0,27.2049,15.4753,20.3881,16.0,30.0,11.7953,19.0,15.3672,24.9999,15.5812
2026-06-04 21:00:00,2.31276,8.0,8.13184,9.35709,15.3164,8.0,18.2151,10.0,13.0733,17.0,21.4043,3.87743,9.0,20.0681,10.6645,11.9676,19.0,30.0,14.1477,18.0,14.181,29.7583,14.3698
2026-06-04 22:00:00,5.77715,6.0,11.6159,5.84626,21.1822,6.0,12.136,16.0,14.258,23.0,11.9039,3.87225,5.0,17.7203,7.89909,11.9641,25.0,22.0,8.24852,17.0,5.89981,19.0165,15.5652
2026-06-04 23:00:00,9.23108,11.0,13.9333,3.50902,15.3024,4.0,9.70661,15.0,11.8695,39.0,3.57076,2.58111,11.0,18.934,13.7613,11.959,17.0,22.0,10.5905,16.0,10.6242,21.3983,14.3623
2026-06-05 00:00:00,1.15256,8.0,11.6178,7.0175,14.1246,6.0,9.69587,12.0,14.2399,,1.18861,5.16143,10.0,10.6354,12.0819,17.9307,14.0,11.0,15.2839,13.0,14.1545,22.581,15.552
2026-06-05 01:00:00,,8.0,11.6274,7.02295,11.7754,6.0,8.48324,15.0,16.6353,14.0,10.7017,2.5824,11.0,14.177,10.8707,14.3385,9.0,17.0,11.7501,14.0,10.6023,23.7532,14.3731
2026-06-05 02:00:00,2.29788,6.0,4.65118,10.5351,9.4185,8.0,6.05948,15.0,15.4692,31.0,9.51783,2.58264,11.0,15.3703,9.92827,16.7187,6.0,13.0,12.9095,19.0,5.88648,20.1928,16.7818
2026-06-05 03:00:00,1.14569,4.0,5.80843,3.50967,5.88363,5.0,6.05545,11.0,11.8946,15.0,0.5,2.5757,7.0,5.90799,15.204,10.7272,11.0,19.0,10.555,19.0,12.9542,22.5904,13.1861
2026-06-05 04:00:00,2.2883,2.0,4.63101,5.8422,5.87187,3.0,9.67346,9.0,0.5,18.0,3.55234,0.5,3.0,8.23551,10.1846,4.75589,9.0,14.0,2.34112,10.0,4.7036,9.47334,14.358
2026-06-05 05:00:00,1.14426,8.0,1.15513,4.6597,5.85996,5.0,13.3064,19.0,,20.0,10.6479,2.56818,8.0,14.0993,8.13514,2.37733,10.0,12.0,8.19278,10.0,8.22382,20.1157,19.124
2026-06-05 06:00:00,2.28525,13.0,12.6864,12.8184,12.8786,6.0,15.6962,22.0,4.71903,22.0,10.6438,1.28538,9.0,9.40032,7.76428,14.2648,16.0,20.0,10.5425,11.0,9.39986,13.0242,16.7262
2026-06-05 07:00:00,2.28801,12.0,6.93531,12.8374,14.0666,18.0,19.3262,23.0,14.2293,27.0,11.8566,,13.0,12.9557,15.3992,20.2214,16.0,14.0,18.7429,18.0,14.1273,18.9859,16.7483
2026-06-05 08:00:00,9.18954,8.0,5.802,19.9242,15.3036,13.0,24.2174,18.0,17.8619,25.0,11.9403,3.87539,13.0,14.2279,14.4402,19.1288,8.0,21.0,12.9519,15.0,16.5706,35.7145,19.1987
2026-06-05 09:00:00,13.8971,7.0,8.18032,15.3296,13.0157,11.0,14.5963,22.0,14.3571,30.0,9.60921,6.4776,9.0,7.14982,14.1309,21.587,15.0,14.0,26.0386,20.0,14.2812,19.1475,9.63494
2026-06-05 10:00:00,13.9666,7.0,16.5163,13.1423,10.721,9.0,15.932,21.0,7.22765,13.0,18.1663,3.90384,,,20.0707,24.097,13.0,11.0,16.6816,16.0,17.977,20.4481,9.68513
2026-06-05 11:00:00,10.5782,5.0,3.55388,13.2159,12.0218,10.0,,28.0,13.3392,,17.0157,0.5,17.0,,17.1502,20.6207,12.0,10.0,17.9472,18.0,14.4046,25.3424,20.6216
2026-06-05 12:00:00,12.9715,3.0,7.16828,8.46061,13.2845,16.0,17.3324,38.0,9.7344,31.0,18.3512,2.62808,19.0,,14.445,21.9459,12.0,18.0,19.1573,15.0,14.3604,12.0608,17.0034
2026-06-05 13:00:00,4.71607,6.0,11.9418,25.3992,18.1243,16.0,26.0425,29.0,18.2586,37.0,20.7831,2.62431,18.0,,16.9635,18.2982,18.0,14.0,13.2569,19.0,16.9133,18.2214,14.6762
2026-06-05 14:00:00,,5.0,3.55704,,18.0611,16.0,1.23324,12.0,23.1336,41.0,17.1281,3.95138,13.0,,12.4559,,20.0,16.0,9.67566,20.0,16.9181,0.5,10.9581
2026-06-05 15:00:00,3.52308,11.0,4.74227,13.0714,9.60264,7.0,13.5814,11.0,2.42904,37.0,3.64607,1.31183,9.0,,17.6673,,18.0,16.0,10.8393,11.0,4.81133,14.5317,15.8801
2026-06-05 16:00:00,1.17295,8.0,9.46863,13.0714,11.9855,9.0,16.0546,21.0,9.69773,24.0,3.63772,0.5,5.0,,12.4699,,18.0,18.0,4.79961,18.0,14.4074,20.528,15.8542
2026-06-05 17:00:00,1.16864,7.0,8.25403,16.609,11.9623,17.0,16.0183,22.0,,31.0,2.41684,0.5,1.0,,13.07,16.9388,18.0,15.0,11.9609,21.0,1.19665,21.6931,13.3663
2026-06-05 18:00:00,3.49358,8.0,10.5756,16.5629,14.3016,9.0,9.82527,16.0,,26.0,8.42247,,14.0,,9.00413,15.6636,11.0,18.0,15.4729,12.0,11.9005,22.8191,9.68572
2026-06-05 19:00:00,,11.0,7.03341,12.9896,20.202,8.0,4.89447,17.0,9.5996,21.0,3.60076,1.29321,10.0,,7.37608,14.4307,11.0,18.0,7.11801,11.0,14.2518,29.933,20.506
2026-06-05 20:00:00,3.47248,8.0,10.5149,12.9701,23.7393,8.0,14.6266,21.0,9.56567,30.0,8.3901,,12.0,,8.55201,19.1766,22.0,11.0,5.91919,9.0,11.8675,26.299,9.63004
2026-06-05 21:00:00,5.77351,9.0,10.5106,12.9402,20.1419,9.0,13.3643,17.0,10.7387,23.0,9.5603,0.5,8.0,,6.24869,16.751,6.0,12.0,9.43702,12.0,10.6526,21.4814,18.0505
2026-06-05 22:00:00,5.76824,6.0,12.8192,11.7475,9.46095,8.0,14.5605,12.0,7.15361,13.0,14.3083,3.87656,6.0,,9.71236,9.56191,4.0,8.0,4.71021,7.0,8.27846,22.6217,11.9917
2026-06-05 23:00:00,1.15162,4.0,5.81531,11.7324,16.5295,10.0,6.05811,13.0,9.5273,20.0,19.0646,3.87468,8.0,,8.51175,14.3246,28.0,12.0,7.06751,4.0,14.1886,11.8919,14.3993
2026-06-06 00:00:00,3.45357,10.0,8.14084,9.38675,14.1455,11.0,3.63731,12.0,8.32409,17.0,23.8443,2.5832,8.0,,6.70997,9.54778,21.0,14.0,5.88992,7.0,14.2007,15.4698,8.39283
2026-06-06 01:00:00,3.45744,9.0,11.6386,12.893,12.9714,17.0,6.05252,13.0,10.7079,17.0,15.4725,3.88055,8.0,,4.4279,14.3256,7.0,12.0,8.25252,6.0,11.8289,10.711,7.19412
2026-06-06 02:00:00,1.15272,15.0,11.6315,8.19683,17.6835,15.0,6.05206,23.0,10.7148,29.0,19.0323,0.5,7.0,,5.50473,13.1224,12.0,16.0,3.53573,10.0,9.46158,7.14157,4.80052
2026-06-06 03:00:00,5.76176,10.0,13.9524,5.85311,18.8513,17.0,2.41931,15.0,4.75888,21.0,14.2803,3.87868,16.0,,7.30329,9.5413,14.0,12.0,7.0682,14.0,1.18035,10.6879,7.18709
2026-06-06 04:00:00,3.45527,7.0,18.5992,10.5323,15.3121,13.0,10.8777,30.0,7.14368,30.0,26.1601,3.87773,8.0,,5.39312,14.2942,16.0,8.0,14.1097,8.0,3.53147,5.92409,10.7641
2026-06-06 05:00:00,5.75918,17.0,15.0904,8.18843,27.0711,29.0,8.45526,27.0,13.0838,20.0,23.7433,6.46319,11.0,,8.6276,14.2527,17.0,6.0,12.8996,9.0,5.87819,15.3946,4.77837
2026-06-06 06:00:00,3.4551,3.0,11.5947,11.6886,28.2175,19.0,14.4933,26.0,13.0587,27.0,17.8084,5.17251,14.0,,13.8812,8.30926,14.0,8.0,15.2424,8.0,10.5749,11.8406,5.96778
2026-06-06 07:00:00,9.21185,11.0,12.7654,16.3715,32.9138,25.0,18.1182,22.0,10.6979,19.0,22.5362,1.29328,22.0,,8.48491,7.12517,15.0,13.0,16.4218,5.0,12.9344,15.3976,10.7605
2026-06-06 08:00:00,4.61657,18.0,15.1468,18.778,25.9502,13.0,26.6184,32.0,15.5029,38.0,17.8271,2.59417,20.0,,13.1598,15.4887,14.0,12.0,21.1875,10.0,18.9199,19.001,10.7995
2026-06-06 09:00:00,11.5873,21.0,25.8049,23.5942,32.01,20.0,26.7127,25.0,14.3797,28.0,29.9138,1.30398,21.0,,11.8745,15.5567,16.0,10.0,13.0414,13.0,25.0224,13.1699,12.0901
2026-06-06 10:00:00,17.4919,22.0,30.7114,34.5102,32.198,20.0,26.931,27.0,36.103,41.0,29.0342,7.85539,19.0,,11.323,20.433,27.0,8.0,21.5282,19.0,16.8279,19.361,10.9411
2026-06-06 11:00:00,16.4205,14.0,20.2102,31.2686,26.4264,38.0,30.925,44.0,42.4577,47.0,25.7234,5.26177,25.0,,19.9735,18.1759,19.0,22.0,23.9879,34.0,20.5266,16.9815,21.9751
2026-06-06 12:00:00,10.6156,12.0,14.3016,27.7834,16.9469,17.0,31.0176,42.0,21.9453,31.0,29.4287,26.3657,28.0,,24.2274,24.377,22.0,29.0,19.2548,16.0,5.99374,,6.03971
2026-06-06 13:00:00,8.27198,9.0,11.9079,20.4,24.0013,14.0,24.6774,,,26.0,14.5179,5.21943,15.0,,12.4764,8.3991,11.0,8.0,,2.0,,7.19148,13.2931
2026-06-06 14:00:00,4.72209,12.0,17.6929,0.5,15.3715,14.0,6.09563,,2.38495,31.0,4.77382,3.90099,14.0,,0.604358,10.7519,21.0,15.0,7.10394,3.0,10.6955,,18.1091
2026-06-06 15:00:00,7.06908,11.0,12.9386,9.44939,29.575,28.0,4.87301,,7.15058,34.0,19.1301,3.89778,19.0,,6.47462,10.7625,20.0,15.0,9.46697,4.0,7.0982,,9.63893
2026-06-06 16:00:00,0.5,10.0,28.1961,16.5455,33.2024,25.0,20.6974,,15.5393,31.0,15.5498,9.09238,11.0,,5.5267,15.5681,26.0,10.0,14.1994,7.0,8.29177,11.9498,8.45383
2026-06-06 17:00:00,2.31964,25.0,9.34448,5.8685,18.9318,17.0,23.1602,,7.14638,27.0,23.8941,5.18717,21.0,,6.6183,13.1526,24.0,18.0,17.7407,8.0,11.8525,9.56921,9.64825
2026-06-06 18:00:00,3.46729,11.0,19.7853,8.2073,21.2142,24.0,20.6525,,10.7001,39.0,21.4635,5.1779,15.0,,7.08773,14.3062,27.0,9.0,15.3289,11.0,5.91203,11.9208,13.2403
2026-06-06 19:00:00,6.91393,13.0,16.2977,11.7107,30.6806,27.0,20.6267,,9.49809,47.0,46.3827,2.58669,29.0,,4.19032,15.4813,25.0,17.0,11.7672,10.0,10.625,11.8991,5.99355
2026-06-06 20:00:00,5.7475,18.0,16.278,16.3876,30.6347,36.0,15.7411,,13.0644,34.0,30.8697,0.5,29.0,,3.58452,13.0736,34.0,22.0,10.563,9.0,1.17752,16.625,11.9817
2026-06-06 21:00:00,,14.0,11.6136,25.727,29.4193,15.0,13.3052,,23.7643,48.0,34.4023,6.45566,23.0,,7.6329,24.9658,26.0,26.0,4.69236,11.0,10.5832,10.6696,15.5602
2026-06-06 22:00:00,1.14629,9.0,10.4332,19.8658,25.8788,25.0,12.0902,,20.1925,34.0,30.8341,1.29131,13.0,,6.20715,24.958,29.0,19.0,4.69182,10.0,16.4582,11.843,7.17454
2026-06-06 23:00:00,1.14618,7.0,10.4351,10.5056,14.0864,12.0,13.3001,,21.3631,34.0,26.1035,6.4534,19.0,,7.64607,21.3712,33.0,16.0,10.5528,12.0,9.40134,5.91526,4.77579
2026-06-07 00:00:00,3.43758,5.0,2.31806,9.3529,9.38332,8.0,25.3922,,18.9963,21.0,8.2975,10.3368,7.0,,7.2813,22.5607,21.0,10.0,12.9018,14.0,20.0233,,4.77694
2026-06-07 01:00:00,3.43588,4.0,6.95175,7.0073,9.38807,5.0,9.6569,,13.0456,15.0,8.29296,1.29199,4.0,,13.1345,16.6117,8.0,15.0,7.03327,12.0,14.1466,,13.1475
2026-06-07 02:00:00,3.43948,9.0,,3.4976,4.68831,4.0,10.8553,,18.9983,19.0,11.8381,2.5803,3.0,,11.5937,13.0408,7.0,13.0,4.68787,12.0,1.17707,,10.7681
2026-06-07 03:00:00,4.5873,5.0,12.7241,1.16558,3.51646,4.0,7.23066,,9.4904,18.0,10.6513,1.29047,2.0,,9.20472,5.92726,6.0,6.0,7.02589,6.0,5.88124,10.6568,8.37003
2026-06-07 04:00:00,5.72958,7.0,12.719,6.99097,11.7204,8.0,4.81932,,11.8723,15.0,11.8318,5.15762,1.0,,3.34656,7.10828,6.0,14.0,9.36371,14.0,4.70137,8.28504,11.9528
2026-06-07 05:00:00,3.43755,9.0,12.7192,10.4911,10.546,8.0,3.61501,,10.6676,18.0,16.565,,4.0,,2.27046,9.48162,19.0,11.0,5.85495,13.0,3.52588,10.6616,13.1389
2026-06-07 06:00:00,2.28867,8.0,18.5013,11.6728,11.7317,8.0,12.061,,10.6686,24.0,13.0256,0.5,11.0,,4.17964,9.48432,18.0,13.0,8.2023,11.0,5.88083,16.5836,15.5293
2026-06-07 07:00:00,5.73841,7.0,13.9186,19.9211,16.4399,20.0,18.1272,,13.0602,27.0,14.2288,,14.0,,5.61471,7.1119,10.0,17.0,4.68817,25.0,8.23701,14.2243,20.3246
2026-06-07 08:00:00,4.61287,6.0,5.81529,7.03233,19.972,13.0,18.1043,,14.2488,,13.064,3.87757,17.0,,12.6592,8.30525,18.0,15.0,10.5808,17.0,9.43842,15.4507,10.7953
2026-06-07 09:00:00,8.08349,3.0,9.30731,9.38767,24.6977,13.0,13.2983,,19.0031,28.0,7.14571,,,,10.997,13.0727,21.0,23.0,12.9685,29.0,20.1408,11.9142,7.21131
2026-06-07 10:00:00,8.07365,3.0,6.99019,,7.05848,13.0,14.5308,,13.0641,17.0,16.7192,0.5,14.0,,11.7266,14.2694,6.0,16.0,16.4591,12.0,10.6271,19.0277,21.6204
2026-06-07 11:00:00,1.15099,2.0,5.81048,8.21272,16.4549,9.0,10.8668,43.0,2.36997,16.0,14.2304,2.58915,9.0,,0.5,,6.0,11.0,3.51926,8.0,,5.92604,5.98804
2026-06-07 12:00:00,4.60588,6.0,0.5,,8.22021,10.0,4.82916,,5.93621,18.0,0.5,1.29808,7.0,,8.2436,8.31606,14.0,19.0,5.88342,11.0,8.28432,7.1443,4.7982
2026-06-07 13:00:00,10.4249,8.0,8.19508,12.9329,10.639,14.0,8.4818,,13.1314,13.0,8.36264,9.14147,,,4.9066,14.3302,11.0,12.0,10.6537,10.0,10.6852,13.1308,4.81717
2026-06-07 14:00:00,15.1561,6.0,12.8894,13.0193,14.2593,18.0,21.9242,,15.5303,19.0,12.0199,7.80457,9.0,,9.7363,13.1993,9.0,15.0,8.30326,18.0,16.7116,8.39252,15.6887
2026-06-07 15:00:00,9.31809,6.0,15.2006,20.1109,17.7953,19.0,14.6119,,9.53282,15.0,11.9897,5.19145,6.0,,12.7822,8.36305,10.0,14.0,7.0892,11.0,13.0893,19.1387,21.6894
2026-06-07 16:00:00,0.5,7.0,11.6399,16.4612,9.43448,18.0,15.803,,7.14119,14.0,7.13894,3.88433,7.0,,0.5,8.33133,10.0,14.0,2.35116,7.0,1.18112,16.6768,7.20201
2026-06-07 17:00:00,,10.0,17.4534,18.7605,25.9107,16.0,18.1617,,5.93223,,14.2411,5.17567,11.0,,3.71075,10.7068,22.0,16.0,8.22277,7.0,9.42513,15.4449,7.19061
2026-06-07 18:00:00,10.3771,15.0,15.0821,22.259,22.3358,22.0,25.4182,29.0,4.7348,33.0,24.8994,6.45896,13.0,,5.6204,10.6813,26.0,27.0,5.85625,6.0,8.23907,15.4239,13.1585
2026-06-07 19:00:00,10.3581,15.0,16.229,21.0516,25.838,23.0,30.1975,38.0,8.27825,28.0,30.7697,2.57901,18.0,,1.43137,5.92635,30.0,8.0,5.84841,6.0,14.0923,11.8359,10.7541
2026-06-07 20:00:00,4.59416,11.0,19.6783,23.362,38.7334,37.0,26.5564,,8.26916,25.0,31.9309,,26.0,,0.476321,14.2012,17.0,14.0,9.34288,8.0,10.5641,15.3808,10.7396
2026-06-07 21:00:00,8.03526,12.0,20.831,24.4928,32.8477,24.0,21.6984,,15.3839,33.0,31.9195,1.28852,25.0,,5.11101,9.46537,29.0,17.0,10.5101,8.0,31.6495,14.1786,7.15418
2026-06-07 22:00:00,2.2938,11.0,17.3603,26.8251,22.2679,25.0,13.2464,,24.843,32.0,30.7186,1.2879,24.0,,5.46785,15.388,19.0,17.0,1.16844,10.0,12.8932,15.3579,9.53446
2026-06-07 23:00:00,5.73129,7.0,5.77459,18.6197,29.279,19.0,20.467,,24.8178,23.0,27.1431,0.5,18.0,,11.0663,15.3809,16.0,,7.00114,7.0,1.17118,,0.5
2026-06-08 00:00:00,5.72688,4.0,2.30508,2.32278,5.83582,10.0,0.5,,1.17795,,,0.5,,,0.5,0.5,2.0,7.0,,5.0,4.68115,3.52804,4.75435
2026-06-08 01:00:00,4.57809,3.0,4.60875,9.28475,6.98859,10.0,4.79982,,4.70804,11.0,7.05563,,8.0,,0.5,1.17666,9.0,6.0,5.81323,4.0,3.50905,12.9466,4.75375
2026-06-08 02:00:00,3.43977,6.0,3.45631,5.8079,5.8239,6.0,2.40058,,3.52822,6.0,11.7793,1.28488,5.0,,1.06627,4.71531,9.0,7.0,4.65179,3.0,3.51284,7.06784,13.0685
2026-06-08 03:00:00,8.02658,4.0,5.76501,0.5,6.99834,3.0,2.40014,,0.5,,12.9534,0.5,2.0,,1.89681,3.53861,10.0,6.0,3.49469,2.0,7.02345,4.71201,4.75152
2026-06-08 04:00:00,6.88219,5.0,2.30436,3.48194,9.3339,4.0,5.99833,,,12.0,23.5426,,3.0,,0.830566,5.90028,11.0,11.0,6.99033,3.0,5.85353,4.71188,4.74672
2026-06-08 05:00:00,9.17093,8.0,4.60553,2.3196,8.16375,5.0,3.59768,,1.17566,,10.5829,,7.0,,1.42333,5.89892,16.0,6.0,9.31499,6.0,5.85294,8.23583,1.18611
2026-06-08 06:00:00,8.00363,6.0,4.60345,5.79984,9.32845,6.0,1.19892,,1.17672,21.0,17.6445,2.56524,7.0,,0.118488,11.7872,15.0,5.0,3.49148,5.0,2.33876,,4.74804
2026-06-08 07:00:00,13.7612,5.0,6.92745,3.49539,12.869,9.0,4.80786,,3.54079,,15.345,,5.0,,4.73657,10.6238,7.0,6.0,3.50236,14.0,10.5597,10.6123,7.13862
2026-06-08 08:00:00,12.6284,6.0,12.7533,7.01331,14.0811,15.0,9.64354,,7.10448,26.0,23.6778,1.28795,2.0,,7.37142,13.0299,16.0,9.0,19.9059,15.0,14.1352,16.5535,16.7124
2026-06-08 09:00:00,16.1228,17.0,8.13475,3.50837,9.4013,14.0,10.8393,,2.36821,26.0,14.2191,3.86306,4.0,,9.18369,13.0461,24.0,18.0,12.9198,16.0,17.7039,16.5875,16.7497
2026-06-08 10:00:00,12.7015,11.0,7.00137,5.87055,15.3082,14.0,13.2851,,14.2745,,10.7358,2.58572,3.0,,10.6244,8.33354,17.0,22.0,12.9722,24.0,11.8474,16.6578,16.8095
2026-06-08 11:00:00,11.5858,9.0,10.5952,15.4766,16.625,12.0,23.1404,,14.3756,,13.2855,3.90546,5.0,,8.73676,13.1856,20.0,22.0,16.6428,23.0,15.54,13.1946,12.0594
2026-06-08 12:00:00,10.4485,8.0,5.90435,2.3855,7.15691,9.0,25.7976,,21.7593,,18.3031,3.92702,8.0,,15.5149,12.0333,9.0,18.0,11.9835,24.0,12.0297,16.8542,9.6951
2026-06-08 13:00:00,3.49498,11.0,8.26987,7.18699,12.014,7.0,12.3765,,6.05749,,13.4474,,8.0,,12.2067,13.2815,21.0,13.0,5.99908,21.0,15.681,12.0893,6.07777
2026-06-08 14:00:00,7.01155,6.0,3.54236,3.57483,13.2165,2.0,7.43289,,8.47587,,7.32683,,5.0,,17.1327,22.9511,8.0,18.0,16.6642,14.0,8.40403,7.26545,12.1828
2026-06-08 15:00:00,3.50498,1.0,0.5,8.34076,5.95682,4.0,,,,,,11.6762,3.0,,6.31282,4.78293,9.0,21.0,10.6931,14.0,16.7919,10.8578,10.933
2026-06-08 16:00:00,,5.0,7.02285,1.17799,9.45821,9.0,6.10375,,1.18905,,8.38543,1.29301,4.0,,4.08766,3.56298,10.0,15.0,12.9388,8.0,,14.3115,12.0247
2026-06-08 17:00:00,0.5,5.0,2.32056,2.3398,10.5824,16.0,8.46851,,4.73801,,1.18516,2.58255,9.0,,6.09814,9.48717,11.0,22.0,11.7164,9.0,9.42292,11.8739,11.9726
2026-06-08 18:00:00,9.21891,6.0,6.9415,9.32905,12.8978,16.0,12.0678,,13.0274,,13.0086,,11.0,,3.81987,14.2097,12.0,18.0,9.35595,12.0,9.40684,9.47817,13.1465
2026-06-08 19:00:00,4.5895,7.0,8.08964,8.15581,18.7373,15.0,16.8766,,14.1901,,11.8175,2.57327,11.0,,6.79522,11.8321,12.0,22.0,14.0286,13.0,8.21653,11.8399,15.5163
2026-06-08 20:00:00,10.3094,7.0,1.15397,8.1461,18.714,14.0,15.6556,,17.7251,,15.3515,5.13995,8.0,,4.16416,11.8165,20.0,12.0,18.6826,18.0,8.20563,16.541,13.1128
2026-06-08 21:00:00,11.4499,10.0,8.07447,6.97695,14.0271,13.0,8.41823,,11.7951,,18.8784,2.56989,11.0,,4.279,14.1647,14.0,14.0,9.30981,16.0,11.7128,9.4376,9.5127
2026-06-08 22:00:00,6.86719,10.0,6.9196,13.9616,14.0143,11.0,7.20553,,8.24701,,14.1467,3.85431,14.0,,0.831473,3.53508,11.0,10.0,1.16124,9.0,0.5,14.145,7.12747
2026-06-08 23:00:00,10.2963,7.0,4.61024,11.6331,15.1679,9.0,4.80421,,3.53065,,5.8916,1.28449,8.0,,0.948638,0.5,6.0,9.0,5.80411,7.0,1.16845,5.88426,7.11748
2026-06-09 00:00:00,12.5855,6.0,8.07226,6.97295,11.6624,11.0,9.60045,,0.5,,8.23752,0.5,4.0,,1.65813,4.71335,11.0,8.0,4.64367,4.0,2.33597,5.88344,7.11594
2026-06-09 01:00:00,12.591,11.0,9.21696,8.12824,8.15967,9.0,7.1908,,4.70503,,14.1221,0.5,7.0,,0.5,7.06414,12.0,5.0,,3.0,4.66691,5.87389,2.37455
2026-06-09 02:00:00,5.72628,7.0,8.06121,5.80094,4.66114,6.0,,,1.17518,,5.87131,1.28085,7.0,,0.5,5.88115,8.0,3.0,1.16155,2.0,6.9914,3.52183,7.10875
2026-06-09 03:00:00,5.72535,4.0,10.3531,10.4337,9.30995,8.0,2.39063,,,,12.9024,0.5,6.0,,0.5,2.35134,10.0,5.0,4.64278,,8.14723,3.51719,
2026-06-09 04:00:00,1.14405,3.0,6.89164,3.47398,13.9458,8.0,8.36044,,3.52686,,16.4185,,15.0,,1.18142,2.34931,21.0,7.0,1.15962,3.0,,12.8897,7.09865
2026-06-09 05:00:00,6.85506,5.0,11.4764,5.78726,13.9413,20.0,4.7751,,,,17.58,2.55804,17.0,,2.12542,4.68982,8.0,11.0,3.47576,2.0,4.64847,9.37201,13.0057
2026-06-09 06:00:00,6.84893,7.0,8.03078,13.8857,23.245,18.0,10.7438,,3.51114,,30.455,2.56113,21.0,,6.48426,8.20832,17.0,6.0,9.2659,4.0,6.97354,3.51483,15.3733
2026-06-09 07:00:00,5.70562,14.0,5.73131,16.2067,23.2623,13.0,7.16903,,,,26.9817,0.5,20.0,,1.88668,14.08,21.0,6.0,8.11317,11.0,5.8178,14.084,13.0255
2026-06-09 08:00:00,13.7235,8.0,11.4827,20.8526,18.6261,23.0,5.98037,,5.86923,,24.6801,,19.0,,0.826152,9.40988,24.0,18.0,9.28943,12.0,16.3966,12.9846,5.95725
2026-06-09 09:00:00,12.6325,8.0,18.428,20.9333,9.3628,18.0,18.0308,,4.72486,,16.5439,1.28894,27.0,,0.5,7.09836,40.0,20.0,10.5182,20.0,17.7069,17.8903,16.8737
2026-06-09 10:00:00,24.3083,10.0,22.0731,19.9814,21.2618,22.0,16.974,,16.6837,,26.3141,3.8985,21.0,,8.10096,9.52431,19.0,13.0,8.26908,18.0,23.8433,19.1331,14.5163
2026-06-09 11:00:00,15.1547,5.0,8.21056,21.3856,17.8516,10.0,33.0218,,25.226,,24.1114,11.7034,22.0,,11.1515,13.1815,20.0,19.0,10.682,,26.387,16.8629,6.05481
2026-06-09 12:00:00,11.7373,5.0,11.8162,14.3336,15.5694,12.0,15.9344,,12.1022,25.0,23.1756,12.9866,18.0,23.9216,5.66247,15.7242,21.0,15.0,13.1625,,19.243,9.64547,8.49837
2026-06-09 13:00:00,3.52956,11.0,11.9112,1.20226,15.5872,10.0,18.5167,47.0,2.41613,18.0,17.1247,9.13384,19.0,9.65132,9.22927,2.42212,11.0,14.0,13.2364,12.0,13.2958,,
2026-06-09 14:00:00,5.90172,6.0,,18.1066,8.44159,7.0,7.41324,13.0,31.7595,16.0,20.8158,19.6211,23.0,14.4821,21.089,20.6556,14.0,10.0,33.5139,19.0,10.9038,,21.8953
2026-06-09 15:00:00,17.7716,4.0,3.52746,9.61956,19.2927,11.0,22.2235,11.0,,27.0,,13.0184,4.0,7.107,5.88265,,9.0,17.0,,8.0,,,18.1256
2026-06-09 16:00:00,,10.0,18.9162,2.38168,19.0698,15.0,10.952,4.0,0.5,32.0,2.38049,14.2769,14.0,40.1208,,21.5262,15.0,13.0,12.937,14.0,0.5,16.8934,9.67902
2026-06-09 17:00:00,,8.0,21.1423,11.8711,24.9475,21.0,3.63866,25.0,20.2715,26.0,23.8609,18.1725,20.0,29.5569,19.1293,26.317,21.0,27.0,15.321,27.0,13.0778,27.6511,24.215
2026-06-09 18:00:00,,5.0,5.8417,2.36286,26.0707,20.0,13.3254,27.0,27.3821,35.0,20.1991,7.76728,23.0,31.7554,14.204,23.8732,41.0,32.0,8.22504,24.0,12.9935,29.9317,24.0792
2026-06-09 19:00:00,5.76732,9.0,6.97625,3.52915,14.1708,7.0,18.1384,6.0,34.4538,14.0,28.5005,7.75308,27.0,22.2769,15.3504,17.8725,32.0,34.0,7.03146,12.0,12.9647,30.997,10.781
2026-06-09 20:00:00,2.30455,9.0,8.12436,11.7405,14.1517,9.0,16.9257,6.0,24.9064,20.0,29.6982,3.87043,7.0,26.9525,20.2199,26.184,42.0,27.0,10.5371,11.0,15.3065,,10.7455
2026-06-09 21:00:00,5.7583,10.0,11.6109,10.5462,15.3177,9.0,16.9182,10.0,21.3353,23.0,22.5609,1.29018,14.0,21.0732,15.1826,28.512,22.0,18.0,12.8578,18.0,17.661,49.85,16.6987
2026-06-09 22:00:00,8.04925,9.0,10.4344,10.5346,12.9424,7.0,18.1209,13.0,16.5639,32.0,10.6653,1.28923,30.0,22.2036,9.54436,16.599,17.0,14.0,8.1636,7.0,14.1067,34.3977,17.8859
2026-06-09 23:00:00,4.60563,10.0,8.122,7.01912,9.40192,4.0,15.6925,12.0,16.5657,16.0,8.28664,,16.0,17.5286,7.13987,16.5923,17.0,20.0,5.83316,6.0,10.5638,32.0244,14.3002
2026-06-10 00:00:00,0.5,6.0,10.4376,7.01979,7.04537,4.0,8.44596,13.0,16.5692,21.0,7.09951,0.5,6.0,10.5307,9.87819,18.9534,10.0,10.0,2.33493,6.0,9.39035,28.4647,10.7308
2026-06-10 01:00:00,10.3605,7.0,8.11982,11.7077,9.40199,8.0,12.0738,18.0,16.5769,18.0,8.29117,0.5,6.0,11.6934,11.6631,13.0397,10.0,7.0,4.66999,7.0,14.1016,30.8816,8.3474
2026-06-10 02:00:00,3.45107,7.0,6.95771,8.19604,8.22901,13.0,13.2751,15.0,17.785,16.0,9.47095,2.57533,11.0,11.7023,5.95634,11.8541,16.0,10.0,2.33773,8.0,10.564,21.3795,10.7517
2026-06-10 03:00:00,8.05557,7.0,9.26333,11.7072,15.2698,9.0,10.8577,17.0,16.5796,20.0,16.548,2.57442,12.0,10.5017,9.7729,14.2088,27.0,9.0,5.84232,7.0,12.9198,14.2337,9.54117
2026-06-10 04:00:00,10.3915,6.0,10.4383,14.0365,16.4323,8.0,6.02078,20.0,14.2072,24.0,22.4474,,16.0,6.99386,7.14333,2.36699,20.0,6.0,7.00125,5.0,18.7707,17.7551,7.14145
2026-06-10 05:00:00,10.3444,6.0,17.4018,9.35956,18.7851,20.0,12.0384,37.0,4.72752,24.0,24.8197,5.15493,16.0,13.9876,4.75805,8.27878,10.0,11.0,9.33159,7.0,12.9038,14.1995,11.9013
2026-06-10 06:00:00,4.59815,16.0,16.2276,14.0357,24.6571,27.0,19.2671,31.0,5.91218,33.0,36.6597,7.73898,25.0,23.3226,14.6334,11.8377,18.0,19.0,12.8391,9.0,14.0869,24.8525,13.0957
2026-06-10 07:00:00,5.75997,15.0,19.7094,19.8917,28.2076,28.0,21.7134,43.0,15.4112,39.0,28.4453,3.87008,26.0,39.7386,10.2355,16.6033,31.0,12.0,19.8917,19.0,14.1224,17.7868,9.53936
2026-06-10 08:00:00,11.5643,18.0,19.7931,26.9867,17.674,31.0,24.1824,25.0,26.1975,34.0,25.0573,2.58892,29.0,36.5085,18.0225,30.9626,31.0,18.0,29.4472,21.0,24.8199,26.2116,26.3371
2026-06-10 09:00:00,29.2315,15.0,22.3192,17.7816,26.16,34.0,31.6841,38.0,28.7877,38.0,30.1391,5.2038,26.0,38.0292,32.338,34.769,30.0,19.0,21.358,26.0,29.7907,33.5542,24.0863
2026-06-10 10:00:00,17.6591,12.0,15.4064,19.1552,24.0461,20.0,19.7067,38.0,22.9897,27.0,19.4745,1.31006,17.0,14.3847,29.8608,27.7304,24.0,23.0,26.1803,16.0,30.169,27.8238,19.4231
2026-06-10 11:00:00,11.8594,10.0,13.1416,7.2454,20.5774,,17.3693,45.0,26.8254,38.0,17.1885,10.5538,15.0,10.8533,27.7648,26.7177,32.0,28.0,21.6005,36.0,23.0227,20.6998,19.5829
2026-06-10 12:00:00,15.5291,11.0,7.22043,9.7381,20.7337,23.0,17.4325,42.0,23.3318,32.0,18.4147,,19.0,8.46466,27.0028,25.7319,23.0,24.0,14.5196,22.0,20.6721,15.9119,11.0155
2026-06-10 13:00:00,,6.0,10.89,14.6712,24.5299,17.0,13.7688,33.0,27.1192,28.0,23.5722,2.65843,21.0,20.729,22.5245,18.4746,17.0,15.0,17.0507,19.0,14.6329,15.9302,7.36075
2026-06-10 14:00:00,8.3366,5.0,4.83401,13.5166,19.6886,16.0,18.7885,24.0,20.8966,35.0,19.8273,7.96561,21.0,14.6272,18.6847,16.0242,19.0,17.0,9.77054,19.0,12.2115,23.2112,18.4148
2026-06-10 15:00:00,,4.0,19.2912,18.1993,15.8544,16.0,13.5009,18.0,,24.0,6.09141,11.9075,11.0,,4.21473,,13.0,11.0,0.5,4.0,,,4.84085
2026-06-10 16:00:00,,6.0,1.17697,,,16.0,14.5391,9.0,,28.0,0.5,,8.0,23.8467,9.35043,8.4603,16.0,30.0,7.16833,5.0,,13.3472,13.4805
2026-06-10 17:00:00,4.68509,8.0,10.5263,3.50942,3.55574,25.0,,15.0,6.00496,20.0,15.5706,2.61153,8.0,,16.9211,,14.0,23.0,19.0201,19.0,20.3317,,23.1581
2026-06-10 18:00:00,1.16783,7.0,10.5068,10.5605,22.5107,25.0,25.4854,18.0,9.58146,22.0,17.9337,6.51936,16.0,30.7302,10.7997,13.211,33.0,29.0,23.6424,20.0,13.0264,31.1934,21.7442
2026-06-10 19:00:00,4.65709,14.0,14.0117,14.0887,23.6769,24.0,16.976,31.0,9.55693,39.0,25.1143,3.90255,28.0,38.9686,11.2184,17.9922,35.0,22.0,10.6156,14.0,12.9999,28.7185,15.6413
2026-06-10 20:00:00,9.28824,9.0,15.1672,10.5815,30.6771,7.0,16.9487,34.0,17.8668,24.0,20.3006,5.19318,25.0,35.4398,10.1093,27.4859,44.0,28.0,16.4753,18.0,14.174,33.4376,22.8246
2026-06-10 21:00:00,5.79167,9.0,9.33759,7.03464,25.9624,9.0,16.9454,25.0,17.8633,25.0,13.1226,7.77636,34.0,24.7865,11.7503,21.4812,28.0,29.0,11.7443,22.0,12.9885,27.4492,20.3698
2026-06-10 22:00:00,8.10368,10.0,9.33493,15.2427,16.5304,11.0,24.2185,16.0,23.7893,20.0,7.15369,3.88428,18.0,18.8612,15.3241,23.825,15.0,34.0,11.7059,23.0,17.6871,41.7435,29.9465
2026-06-10 23:00:00,,6.0,6.99203,9.38645,14.1506,9.0,18.1621,12.0,16.6082,28.0,14.2881,2.58207,14.0,16.4615,5.98294,8.30955,12.0,23.0,2.33293,14.0,8.22092,26.1747,8.36822
2026-06-11 00:00:00,3.46309,6.0,8.14799,10.5592,17.6744,9.0,14.5226,23.0,15.4075,21.0,16.6409,1.28914,15.0,18.7854,4.53047,13.0352,10.0,19.0,3.49721,23.0,8.21821,14.2421,8.34791
2026-06-11 01:00:00,8.0825,10.0,11.621,10.542,25.909,19.0,13.3162,19.0,16.5694,34.0,8.30157,3.86908,16.0,15.2035,4.63995,10.6777,13.0,20.0,8.16362,13.0,10.5567,20.1553,7.14186
2026-06-11 02:00:00,6.91062,15.0,4.63922,8.20675,15.2977,16.0,9.66011,22.0,22.5253,22.0,17.8027,5.16307,14.0,19.9303,4.75618,13.0507,13.0,16.0,2.33464,8.0,7.04102,14.2035,9.53219
2026-06-11 03:00:00,3.44755,9.0,13.9102,12.8946,16.457,20.0,9.6517,32.0,11.8391,14.0,17.7922,3.86853,15.0,22.2743,5.82496,13.0261,11.0,12.0,8.16819,6.0,12.9154,16.5772,7.14757
2026-06-11 04:00:00,6.88775,12.0,15.0655,12.8583,19.9614,20.0,10.8505,29.0,16.5621,22.0,15.397,2.58095,18.0,18.7258,9.86152,8.29173,21.0,13.0,6.99674,18.0,14.0811,17.743,9.51859
2026-06-11 05:00:00,9.17569,9.0,18.5098,10.4966,23.4764,25.0,16.8782,34.0,7.07508,26.0,20.1219,2.57852,20.0,25.732,12.3635,13.0326,18.0,27.0,9.32477,12.0,18.775,41.377,17.8154
2026-06-11 06:00:00,1.14698,14.0,13.8772,14.0074,23.4675,25.0,13.2678,35.0,10.633,43.0,22.566,,22.0,35.1272,21.4879,21.3149,25.0,28.0,19.8314,21.0,18.8274,55.7568,17.842
2026-06-11 07:00:00,19.648,22.0,10.5625,20.0695,16.4417,27.0,19.4289,21.0,27.3799,35.0,21.4932,5.19534,24.0,27.0902,15.5635,27.3769,35.0,33.0,19.9982,37.0,20.136,33.3399,31.2273
2026-06-11 08:00:00,20.9821,7.0,22.4608,24.9331,18.9561,22.0,29.38,33.0,22.7885,41.0,27.8011,9.12012,16.0,32.1205,12.9134,30.0319,22.0,40.0,27.2954,45.0,35.8535,36.0498,24.1188
2026-06-11 09:00:00,18.7891,8.0,7.14837,13.1655,20.3852,12.0,25.83,30.0,18.1187,19.0,17.0508,7.84664,13.0,19.1918,19.5436,27.7715,18.0,29.0,25.1169,36.0,26.4604,39.8772,37.6356
2026-06-11 10:00:00,12.9908,4.0,8.37725,12.0597,16.9193,10.0,11.1429,33.0,13.3888,18.0,11.0363,3.94408,9.0,7.24311,18.4749,20.6698,24.0,20.0,24.0838,21.0,21.7947,29.1942,20.752
2026-06-11 11:00:00,4.74714,2.0,6.01619,9.71894,12.1614,10.0,11.2231,21.0,14.7106,16.0,14.8256,3.96145,8.0,7.27772,11.8556,17.1376,20.0,10.0,18.1998,21.0,15.8597,26.9662,15.9925
2026-06-11 12:00:00,8.32677,3.0,3.62401,7.33718,8.56907,9.0,11.2804,19.0,8.6395,16.0,9.93879,2.65175,9.0,13.4396,14.8855,17.2388,16.0,15.0,15.8899,11.0,22.1147,20.9736,17.3505
2026-06-11 13:00:00,20.3122,6.0,8.48455,7.36726,9.83644,5.0,,15.0,11.1548,23.0,18.7568,1.32823,12.0,3.6857,4.95699,9.91771,12.0,9.0,11.0715,17.0,16.0325,21.1257,17.4457
2026-06-11 14:00:00,4.7917,6.0,6.07158,6.16309,8.63402,5.0,,11.0,6.21383,16.0,15.0222,5.32411,7.0,13.5764,4.2393,7.45247,8.0,8.0,4.926,14.0,8.67533,17.4528,5.00336
2026-06-11 15:00:00,8.3951,4.0,6.07302,6.15658,8.63329,6.0,7.56688,8.0,0.5,,7.49768,0.5,3.0,11.1341,,3.73419,8.0,4.0,4.92758,11.0,4.95545,6.23467,2.50482
2026-06-11 16:00:00,5.98079,2.0,6.05843,6.14051,7.38879,7.0,3.77676,12.0,1.24047,,,,1.0,,0.5,0.5,4.0,6.0,0.5,8.0,2.47055,9.97919,6.26069
2026-06-11 17:00:00,,5.0,8.41307,3.63516,4.89374,7.0,13.7213,21.0,0.5,24.0,,3.97291,6.0,2.42984,,0.5,0.5,12.0,1.22123,4.0,0.5,12.2972,14.8342
2026-06-11 18:00:00,,11.0,2.37889,,9.67139,16.0,3.69547,9.0,,33.0,14.574,,4.0,8.36736,3.7281,8.56362,19.0,28.0,4.81416,0.5,1.19978,8.47528,6.09679
2026-06-11 19:00:00,4.69629,10.0,4.74078,7.14644,13.2154,12.0,12.2383,9.0,,20.0,8.46138,3.91879,4.0,22.6209,8.70745,7.28189,16.0,10.0,,0.5,,25.2834,10.8945
2026-06-11 20:00:00,7.00275,15.0,12.9768,10.6712,11.9566,16.0,24.4004,16.0,10.8539,22.0,4.81958,6.50618,9.0,20.1989,11.0276,14.4921,21.0,8.0,8.3075,5.0,14.2538,33.5886,16.8622
2026-06-11 21:00:00,10.4815,14.0,8.22391,11.8244,14.302,18.0,17.0383,17.0,11.9841,13.0,8.42067,5.19624,10.0,20.159,8.70041,19.2601,15.0,17.0,10.6432,10.0,10.6724,29.953,34.8629
2026-06-11 22:00:00,8.12782,13.0,11.7236,10.6233,13.0818,14.0,13.3615,20.0,17.9449,23.0,8.40466,6.4891,7.0,21.2628,4.69606,19.1829,13.0,17.0,7.08229,15.0,10.6607,29.9425,34.8881
2026-06-11 23:00:00,8.12579,11.0,9.35783,5.89981,11.8617,12.0,13.3537,19.0,16.7273,16.0,7.18812,2.59192,9.0,20.082,7.56153,14.3665,15.0,14.0,10.6169,10.0,9.46923,,20.4743
2026-06-12 00:00:00,10.4374,13.0,11.6763,10.6127,13.0391,11.0,15.7938,9.0,10.731,25.0,21.4975,2.58905,6.0,14.118,10.9202,17.9486,9.0,21.0,11.7891,11.0,13.03,17.9658,24.0925
2026-06-12 01:00:00,5.79095,13.0,10.5161,4.71313,10.6584,10.0,14.5649,11.0,8.34627,26.0,21.497,1.29503,9.0,16.466,15.3495,21.5301,8.0,10.0,9.42962,10.0,14.2543,23.9804,13.2592
2026-06-12 02:00:00,8.1029,11.0,9.33858,11.7782,14.2122,10.0,15.771,15.0,8.34963,11.0,27.4167,1.29382,8.0,17.6271,9.96141,14.3461,14.0,12.0,10.5986,9.0,11.8808,22.755,15.6562
2026-06-12 03:00:00,5.77315,9.0,10.4849,12.9287,14.193,16.0,10.9071,15.0,1.1908,28.0,23.8245,2.58546,13.0,17.6209,11.0257,16.7338,18.0,9.0,11.7713,10.0,8.29318,16.7524,18.0385
2026-06-12 04:00:00,5.7565,16.0,9.2948,10.5539,20.0716,17.0,13.3042,18.0,5.94934,19.0,28.5437,6.45618,15.0,19.9393,8.62864,14.3158,27.0,8.0,14.112,6.0,11.8296,21.4889,14.3915
2026-06-12 05:00:00,8.05096,17.0,5.80044,11.7052,22.4174,13.0,15.7012,25.0,10.6887,32.0,28.5051,1.29152,17.0,21.0917,10.1676,17.8779,27.0,13.0,11.7324,7.0,10.6201,30.9929,19.125
2026-06-12 06:00:00,14.9542,17.0,20.89,14.0593,22.387,16.0,19.3294,29.0,11.8876,35.0,28.5025,1.29097,20.0,35.1519,16.4801,17.8739,28.0,22.0,15.271,12.0,17.6909,32.1912,27.5741
2026-06-12 07:00:00,11.5393,19.0,15.2035,15.3537,22.4609,29.0,25.5252,22.0,21.4784,25.0,28.7694,3.88071,24.0,27.1611,18.1686,25.119,13.0,27.0,23.5911,30.0,23.7584,28.7686,24.0456
2026-06-12 08:00:00,15.1067,,22.4089,,14.283,25.0,18.3505,,20.4311,34.0,25.3644,3.90562,27.0,28.6361,21.6309,28.8496,26.0,21.0,16.6314,31.0,26.2993,30.1623,20.5827
2026-06-12 09:00:00,15.2435,,11.8711,,18.0077,11.0,22.2016,,18.1933,21.0,26.8376,14.4398,13.0,,18.0034,26.5774,20.0,19.0,28.723,27.0,31.4165,36.4713,18.2924
2026-06-12 10:00:00,12.9824,,11.944,,15.7183,15.0,6.20518,,9.74304,35.0,14.7798,2.62591,37.0,0.5,15.3098,13.3772,18.0,16.0,21.7604,25.0,19.4473,30.5863,17.1909
2026-06-12 11:00:00,,9.0,8.39692,,17.025,13.0,8.70912,25.0,24.5038,29.0,16.087,6.59698,15.0,8.5345,14.437,12.2117,16.0,,18.2816,18.0,19.5499,20.9286,13.5638
2026-06-12 12:00:00,,8.0,12.1066,11.0008,17.1156,11.0,13.7599,30.0,7.37898,21.0,4.9465,3.96527,8.0,13.4362,13.1547,16.0128,15.0,,11.0233,13.0,11.0411,9.87712,12.3994
2026-06-12 13:00:00,11.9787,5.0,8.50076,12.2703,9.8324,7.0,7.53241,15.0,3.69861,16.0,6.22685,5.29366,9.0,3.68276,5.07337,6.17561,2.0,32.0,7.35922,8.0,9.85298,8.68383,4.98415
2026-06-12 14:00:00,20.3963,8.0,3.63847,9.83151,13.5645,4.0,,,4.93945,7.0,4.9852,2.64999,6.0,7.38443,0.372266,4.95535,7.0,6.0,2.46054,6.0,3.70797,8.70673,6.23744
2026-06-12 15:00:00,9.60283,5.0,2.4291,7.37568,3.70125,3.0,7.55102,,0.5,7.0,11.2379,3.9815,3.0,1.22951,3.2316,3.72039,6.0,7.0,2.4642,9.0,6.18513,9.96223,
2026-06-12 16:00:00,7.22334,5.0,4.86699,7.3883,8.63813,3.0,7.54641,2.0,1.23667,14.0,,1.32527,8.0,,0.249821,2.47806,2.0,7.0,3.68282,9.0,,2.4901,
2026-06-12 17:00:00,,11.0,3.61164,6.06967,3.66937,6.0,7.49251,7.0,,17.0,,5.27235,6.0,,3.74172,2.46873,1.0,10.0,4.87962,,0.5,19.7667,8.66715
2026-06-12 18:00:00,,12.0,,8.39906,13.3398,12.0,6.15893,24.0,,27.0,19.4331,1.30901,4.0,5.98342,0.869021,,15.0,17.0,2.40867,,0.5,3.65069,1.22207
2026-06-12 19:00:00,12.8914,11.0,1.17995,8.35786,22.9114,11.0,4.90655,23.0,,32.0,19.298,6.52642,5.0,13.0665,8.70745,,40.0,20.0,0.5,1.0,,18.1097,14.5362
2026-06-12 20:00:00,15.1675,12.0,4.72298,13.1011,16.7946,17.0,14.6794,14.0,10.8278,34.0,26.4739,9.10138,11.0,15.3963,7.0703,,38.0,15.0,5.94617,8.0,3.57205,25.2381,14.4813
2026-06-12 21:00:00,18.6246,12.0,14.1092,16.5923,15.5321,20.0,17.0762,18.0,12.0473,21.0,23.9886,6.48455,13.0,15.3581,14.0264,,36.0,15.0,8.2901,11.0,8.30604,22.7907,28.8495
2026-06-12 22:00:00,18.5914,11.0,10.5404,17.7239,19.0603,22.0,20.6787,21.0,7.21892,23.0,17.9553,10.382,15.0,12.9686,8.78372,,40.0,15.0,5.9041,12.0,11.8387,21.5242,22.8092
2026-06-12 23:00:00,22.0482,14.0,12.8806,11.8041,21.4223,13.0,14.5999,33.0,13.1868,24.0,20.3242,5.19146,14.0,18.8481,12.6127,,14.0,16.0,7.07268,11.0,15.3748,38.2906,25.2443
2026-06-13 00:00:00,16.2567,16.0,17.5524,14.1521,20.1811,12.0,13.3637,23.0,3.5912,20.0,28.6803,2.59876,13.0,15.3023,12.4775,,18.0,17.0,8.25665,12.0,14.1907,34.7693,18.0965
2026-06-13 01:00:00,10.4298,13.0,14.0249,12.9657,15.4173,13.0,12.1377,17.0,16.7398,25.0,20.3035,9.09093,20.0,12.9382,9.11945,,32.0,13.0,17.6895,12.0,16.5692,32.284,24.0854
2026-06-13 02:00:00,15.0423,21.0,11.6664,12.9579,18.975,16.0,10.9196,18.0,10.7292,23.0,23.8665,3.88631,20.0,18.8184,9.11152,,23.0,8.0,8.24147,8.0,13.004,34.6079,13.1747
2026-06-13 03:00:00,12.7108,17.0,9.32111,10.5837,18.9442,17.0,8.48226,27.0,10.7152,22.0,25.0386,7.76843,20.0,14.1007,6.59132,,33.0,13.0,11.7617,6.0,10.6276,32.1673,13.1523
2026-06-13 04:00:00,10.3837,17.0,15.1268,8.22185,20.1231,27.0,13.3174,28.0,11.896,38.0,27.3863,7.77787,27.0,15.2636,3.59272,,28.0,9.0,4.69798,10.0,9.44187,19.0179,17.9204
2026-06-13 05:00:00,13.821,17.0,13.9543,12.9155,18.9174,26.0,16.9443,28.0,10.6945,40.0,26.179,1.29482,20.0,57.4938,6.81785,,31.0,14.0,11.7395,9.0,15.3255,35.6452,19.0958
2026-06-13 06:00:00,14.9694,20.0,16.3053,15.2747,24.8022,,13.3077,36.0,16.654,34.0,39.2604,2.58782,25.0,37.5214,13.5046,,44.0,13.0,14.0939,15.0,11.7971,26.1196,15.5115
2026-06-13 07:00:00,24.2949,28.0,33.9087,25.9353,31.9831,29.0,20.6369,44.0,25.0578,45.0,35.811,3.8932,26.0,48.3061,12.3103,,29.0,23.0,17.6803,23.0,16.5767,28.2454,17.9477
2026-06-13 08:00:00,26.7372,70.0,51.669,33.153,29.7443,33.0,29.2017,41.0,31.1585,37.0,40.7535,3.89726,27.0,47.3467,17.6454,,37.0,33.0,35.5294,30.0,30.952,21.5074,21.6569
2026-06-13 09:00:00,15.1415,65.0,59.0282,30.9976,32.2569,42.0,34.2621,42.0,42.1316,52.0,33.7466,7.84307,33.0,38.1142,21.1081,,31.0,37.0,32.1694,36.0,31.1309,37.3883,26.6358
2026-06-13 10:00:00,15.2114,34.0,54.6636,26.3599,38.4611,40.0,34.4569,44.0,53.2262,60.0,30.4229,10.4996,38.0,28.795,22.3869,29.087,31.0,27.0,27.5394,36.0,36.1024,35.1878,23.1535
2026-06-13 11:00:00,16.4649,12.0,44.1919,22.9078,29.0212,20.0,32.1428,32.0,28.0392,34.0,24.4215,5.26496,18.0,21.7065,28.4793,38.8941,37.0,27.0,36.1402,34.0,18.1342,20.7303,28.1327
2026-06-13 12:00:00,11.8206,12.0,10.7981,12.129,15.783,18.0,22.3906,37.0,14.6894,30.0,25.8083,5.2829,17.0,26.6415,30.0963,29.3577,30.0,27.0,37.5366,35.0,27.9995,26.951,27.0179
2026-06-13 13:00:00,10.6603,7.0,13.246,7.30014,7.30376,6.0,19.9602,27.0,15.9504,27.0,13.5337,3.96629,16.0,20.6328,20.0285,22.0492,25.0,29.0,32.7667,25.0,24.3142,20.8024,19.6137
2026-06-13 14:00:00,9.49372,3.0,7.22883,3.64833,6.10168,4.0,7.49059,1.0,2.45449,11.0,2.463,0.5,9.0,8.51758,6.29279,2.45434,29.0,25.0,26.7333,18.0,16.9936,22.0189,18.3985
2026-06-13 15:00:00,10.6831,7.0,2.40838,9.72405,7.31919,6.0,6.24812,6.0,0.5,19.0,3.69638,,6.0,9.74488,17.547,20.9046,22.0,16.0,24.3112,18.0,18.2188,17.1189,18.4376
2026-06-13 16:00:00,7.1008,8.0,10.8163,1.214,4.86975,8.0,9.98936,8.0,3.67566,17.0,4.90756,7.90803,6.0,14.5812,3.83255,3.68519,13.0,19.0,13.3606,17.0,13.3169,15.87,13.4992
2026-06-13 17:00:00,2.35795,10.0,13.112,4.81353,3.63557,11.0,9.93235,5.0,,30.0,4.87924,1.31082,5.0,8.42626,3.21114,8.56334,31.0,16.0,18.0964,11.0,12.0538,13.3816,15.9062
2026-06-13 18:00:00,8.21868,10.0,28.4093,3.5836,12.0362,22.0,11.0559,17.0,0.5,33.0,8.472,1.30497,6.0,14.3239,5.87577,4.85892,16.0,19.0,0.5,9.0,13.1734,14.5243,6.06819
2026-06-13 19:00:00,8.18404,11.0,10.6101,15.4654,16.7628,16.0,17.1314,23.0,3.61741,41.0,10.8499,9.11078,16.0,16.6483,3.52973,15.7218,28.0,18.0,7.12984,7.0,17.8648,24.0339,10.8617
2026-06-13 20:00:00,16.3307,10.0,11.7342,13.0405,22.6655,14.0,21.9374,18.0,4.80417,23.0,10.8216,7.79211,13.0,22.5015,16.0904,26.4952,26.0,18.0,9.47001,13.0,34.3989,27.5216,20.4346
2026-06-13 21:00:00,13.9085,9.0,11.722,15.3992,21.4311,14.0,18.2429,29.0,10.8027,27.0,20.3803,12.9846,9.0,24.8331,15.8941,20.4152,29.0,21.0,7.0933,12.0,23.716,28.6486,17.9879
2026-06-13 22:00:00,12.6958,9.0,10.5233,11.8067,13.0733,12.0,15.7936,13.0,8.39061,24.0,23.9072,16.8458,8.0,23.5956,17.7908,14.3841,16.0,23.0,16.5269,9.0,20.1392,17.874,16.7631
2026-06-13 23:00:00,6.89583,16.0,9.31933,8.24662,13.0234,10.0,12.1291,11.0,13.1368,20.0,17.8971,21.9943,9.0,23.5458,15.4834,16.7566,7.0,23.0,14.14,13.0,18.9334,23.7805,15.5305
2026-06-14 00:00:00,0.5,7.0,8.13772,14.0995,10.6468,10.0,12.1235,10.0,15.5055,22.0,14.3113,,9.0,16.464,11.9884,21.5194,11.0,17.0,14.1336,13.0,24.8505,22.5984,15.5257
2026-06-14 01:00:00,2.28842,6.0,1.15717,2.33883,10.5831,9.0,14.4983,8.0,0.5,12.0,9.46708,,12.0,10.5134,0.5,0.5,7.0,14.0,9.37338,9.0,5.91237,8.34521,9.59475
2026-06-14 02:00:00,4.58489,10.0,5.7802,2.33555,7.04048,8.0,6.02559,17.0,3.5335,17.0,15.3573,,11.0,12.835,0.356261,5.91597,4.0,11.0,2.34156,7.0,,8.31695,8.36683
2026-06-14 03:00:00,9.16113,6.0,5.76964,2.33308,15.2541,11.0,9.64188,13.0,3.53172,18.0,20.0806,0.5,9.0,16.3382,4.26821,8.29086,20.0,9.0,4.68119,5.0,,4.74391,7.15937
2026-06-14 04:00:00,12.5845,4.0,1.15138,2.32816,12.8774,10.0,6.01259,24.0,1.17666,13.0,18.8246,3.8723,8.0,13.9538,0.829735,8.26721,21.0,9.0,9.34039,2.0,4.68983,9.45955,9.52146
2026-06-14 05:00:00,7.9979,5.0,4.59557,10.4544,14.0252,10.0,2.39965,22.0,,14.0,21.1443,3.87635,13.0,10.4409,5.08916,3.53895,35.0,6.0,6.9897,2.0,3.50583,11.7956,9.48669
2026-06-14 06:00:00,9.14428,7.0,3.45324,2.32711,17.5429,8.0,8.39105,28.0,5.87614,22.0,17.6486,0.5,22.0,10.4542,3.31218,2.36192,16.0,10.0,,5.0,5.85808,5.89922,7.11305
2026-06-14 07:00:00,13.7879,11.0,15.1382,12.921,23.4801,21.0,15.7375,25.0,8.30182,31.0,19.0847,6.52514,24.0,30.5053,5.68029,13.1045,14.0,21.0,5.89225,12.0,9.49188,11.8823,11.9456
2026-06-14 08:00:00,20.8244,8.0,18.7494,13.0153,15.3513,15.0,15.8396,19.0,31.1111,23.0,20.3886,11.7346,14.0,31.9719,11.1997,20.309,14.0,17.0,13.0298,19.0,11.9452,13.2311,12.0837
2026-06-14 09:00:00,17.4376,11.0,8.27035,13.0709,15.4662,10.0,19.6319,15.0,19.1807,21.0,14.5414,0.5,15.0,15.5343,8.04778,13.2019,16.0,23.0,19.1306,21.0,15.6274,9.67266,10.9293
2026-06-14 10:00:00,24.6115,7.0,10.7143,10.8128,16.8513,8.0,16.0843,37.0,24.2491,7.0,17.0972,14.4501,9.0,4.81822,14.5027,16.9478,13.0,16.0,15.6737,24.0,19.3695,14.6009,7.32775
2026-06-14 11:00:00,15.326,4.0,8.36532,14.5197,14.5615,10.0,9.94302,36.0,9.77312,18.0,12.3096,0.5,13.0,3.63586,11.2018,8.53045,15.0,16.0,13.3516,17.0,12.1664,11.0231,12.2709
2026-06-14 12:00:00,11.8227,4.0,10.8232,3.65416,9.75556,8.0,9.99095,21.0,7.36524,15.0,7.45218,0.5,9.0,3.6578,7.59475,9.81345,16.0,12.0,7.31166,11.0,8.56622,18.4332,13.5624
2026-06-14 13:00:00,14.259,9.0,6.03944,8.57618,13.476,3.0,1.25094,11.0,6.16596,2.0,9.96604,1.32277,6.0,9.81368,9.76624,9.86329,5.0,9.0,3.68662,13.0,7.35412,13.5365,4.92698
2026-06-14 14:00:00,9.53129,3.0,3.62795,11.0542,6.1209,3.0,3.76592,8.0,0.5,,4.97934,9.27998,1.0,2.4619,4.09239,3.70618,6.0,6.0,,8.0,1.2276,18.5376,9.89944
2026-06-14 15:00:00,8.33399,,2.41268,2.4536,4.90316,4.0,6.27291,9.0,0.5,16.0,,1.32545,,,3.10593,1.23512,9.0,4.0,7.36522,7.0,9.87337,2.47922,8.71997
2026-06-14 16:00:00,7.13791,5.0,6.02631,4.88813,7.3476,4.0,7.52602,10.0,4.93561,16.0,,,,3.68259,0.746147,3.69846,8.0,9.0,1.22174,6.0,1.22892,1.23948,4.978
2026-06-14 17:00:00,,4.0,9.57166,,8.52173,6.0,8.73101,7.0,0.5,19.0,0.5,5.26647,,,3.84931,1.2295,9.0,10.0,2.42386,3.0,36.4889,9.83626,12.3211
2026-06-14 18:00:00,,5.0,3.56345,,4.8236,16.0,0.5,4.0,,24.0,2.42672,1.30536,1.0,3.59946,,0.5,8.0,12.0,,2.0,3.61354,0.5,6.09622
2026-06-14 19:00:00,3.50372,10.0,8.272,5.96248,13.1894,16.0,13.5193,18.0,,20.0,6.04338,1.30082,7.0,15.5381,6.49378,4.85599,12.0,8.0,3.5883,10.0,11.9939,21.7363,24.2273
2026-06-14 20:00:00,5.81668,9.0,7.06302,11.8898,10.7602,14.0,12.2483,17.0,3.61508,17.0,7.22711,6.48313,8.0,19.0831,2.92637,2.41558,9.0,11.0,3.56098,7.0,4.76175,9.55805,8.39844
2026-06-14 21:00:00,4.63768,8.0,7.03822,8.29716,16.6844,11.0,13.4493,10.0,5.99982,5.0,6.0066,3.86862,5.0,23.8081,6.18842,7.21228,8.0,7.0,7.10789,3.0,5.95067,8.34947,9.58194
2026-06-14 22:00:00,6.9364,6.0,9.36602,7.07167,14.2382,8.0,9.74798,16.0,,8.0,3.59103,,6.0,18.9551,1.08751,3.60162,7.0,8.0,,6.0,7.11686,9.53936,5.98268
2026-06-14 23:00:00,6.91539,7.0,3.50241,7.06653,7.10734,7.0,8.51035,6.0,7.16891,15.0,9.55948,,7.0,18.8555,6.87364,,5.0,12.0,2.36028,8.0,3.55607,10.7159,5.98069
2026-06-15 00:00:00,11.5012,6.0,5.81691,4.70014,11.8332,6.0,12.1448,3.0,7.15347,13.0,10.7247,,5.0,11.7481,3.24536,9.55589,7.0,8.0,5.8797,12.0,0.5,9.50905,5.98428
2026-06-15 01:00:00,11.4889,6.0,2.32271,4.69248,8.26832,8.0,8.4773,4.0,4.76024,13.0,13.0969,3.87124,6.0,15.2479,6.22453,7.16159,5.0,14.0,4.69892,8.0,7.0925,9.52102,8.38365
2026-06-15 02:00:00,10.3315,2.0,9.27581,3.51676,9.43311,5.0,9.66966,8.0,3.56134,,20.1983,5.16827,8.0,11.72,3.111,3.57501,5.0,8.0,3.52173,4.0,,11.898,8.37955
2026-06-15 03:00:00,10.3256,4.0,6.95734,7.0256,7.07078,15.0,8.45818,8.0,3.56308,11.0,14.2361,2.58073,6.0,16.3798,2.0302,13.0989,8.0,6.0,1.17151,3.0,5.88898,8.31524,10.7413
2026-06-15 04:00:00,8.01966,7.0,6.94602,7.02487,9.42227,8.0,4.82749,17.0,5.92984,14.0,20.1466,1.29098,6.0,14.0357,6.32638,7.14518,22.0,10.0,5.85722,8.0,8.23866,11.8555,3.57262
2026-06-15 05:00:00,10.297,11.0,4.62176,3.50465,9.4105,9.0,12.0531,25.0,7.09712,27.0,15.3851,0.5,11.0,7.00338,5.36763,4.75204,27.0,10.0,7.01419,6.0,7.04855,5.9148,5.94002
2026-06-15 06:00:00,6.86002,9.0,10.4046,3.50308,8.2239,10.0,8.43266,18.0,7.10254,19.0,28.47,1.28851,13.0,10.5186,4.99768,7.1326,28.0,5.0,5.84277,5.0,5.87186,13.0038,5.93598
2026-06-15 07:00:00,6.87515,9.0,15.0526,8.20749,9.40976,11.0,6.04732,18.0,11.9099,22.0,21.4486,0.5,8.0,22.3304,7.50343,14.292,19.0,14.0,3.52417,18.0,12.9816,14.2295,8.33117
2026-06-15 08:00:00,12.6889,13.0,5.83325,8.24869,13.0023,8.0,8.5174,15.0,15.5306,19.0,17.9402,6.48232,10.0,24.8137,10.8894,15.525,18.0,22.0,17.7067,18.0,20.1713,26.2882,19.2011
2026-06-15 09:00:00,18.5467,12.0,12.9439,14.2888,13.1258,6.0,8.57083,16.0,15.6219,19.0,20.4874,6.51274,7.0,15.4589,8.29401,15.6256,15.0,16.0,8.30591,18.0,9.55667,10.8107,10.8457
2026-06-15 10:00:00,18.6377,17.0,9.42608,7.14951,5.99311,6.0,13.488,17.0,10.8311,7.0,16.9117,3.90607,7.0,10.7542,8.08504,10.8358,19.0,14.0,15.4755,22.0,14.3835,16.9149,13.3111
2026-06-15 11:00:00,19.9448,5.0,5.90913,3.58232,13.1821,9.0,6.13186,16.0,,15.0,7.24402,3.90756,,9.54845,6.77837,3.61161,16.0,13.0,3.57726,18.0,9.59249,,16.9746
2026-06-15 12:00:00,11.8021,6.0,13.1174,12.0299,8.42726,12.0,12.3483,24.0,,,10.9796,5.25046,16.0,14.4077,15.7754,19.3836,11.0,16.0,19.2362,13.0,18.127,15.8072,10.9692
2026-06-15 13:00:00,16.5563,7.0,10.7711,14.492,7.26063,10.0,12.4379,38.0,,17.0,12.3049,7.90997,8.0,10.904,18.6507,17.0549,20.0,13.0,15.6949,15.0,16.9898,9.77303,13.4787
2026-06-15 14:00:00,2.35856,5.0,7.19289,4.84684,18.246,9.0,14.9744,24.0,,15.0,19.7366,0.5,15.0,,15.4156,15.9129,14.0,9.0,15.7398,19.0,14.5731,14.686,13.487
2026-06-15 15:00:00,0.5,5.0,3.58347,12.1383,1.21347,6.0,3.74304,13.0,,20.0,1.22416,9.24033,9.0,,11.9369,4.89906,11.0,13.0,9.67429,10.0,7.27428,14.6616,11.0431
2026-06-15 16:00:00,,3.0,8.26802,6.00107,10.9135,5.0,12.458,10.0,,18.0,9.80683,3.93595,8.0,,11.8175,13.4841,8.0,11.0,16.988,12.0,12.1243,6.10702,7.36212
2026-06-15 17:00:00,,8.0,,,,8.0,0.5,,,10.0,,,2.0,,0.492806,3.62697,8.0,11.0,,6.0,7.18445,,16.9399
2026-06-15 18:00:00,6.86221,10.0,0.5,,0.5,7.0,0.5,3.0,,4.0,,,3.0,,4.0066,0.5,14.0,7.0,,,,0.5,0.5
2026-06-15 19:00:00,12.5688,11.0,4.61941,7.00602,10.5804,9.0,6.06311,15.0,,14.0,3.5681,6.45423,4.0,,5.04275,3.57218,9.0,10.0,1.17515,0.5,,9.5281,13.1543
2026-06-15 20:00:00,4.58,6.0,9.23566,9.34956,12.9446,18.0,6.04983,13.0,,16.0,13.0721,5.16233,7.0,,8.1424,13.1007,16.0,8.0,8.2332,3.0,4.69825,11.8945,9.55775
2026-06-15 21:00:00,16.0124,17.0,6.92492,12.8497,15.286,18.0,2.41752,17.0,,29.0,21.3387,3.86755,14.0,,5.98403,14.281,12.0,5.0,8.21745,5.0,8.21593,,2.3838
2026-06-15 22:00:00,7.99014,12.0,6.92461,9.33347,11.7482,15.0,8.44698,17.0,,27.0,22.4855,,20.0,,4.06512,16.6527,15.0,16.0,3.51512,6.0,9.38357,,9.53019
2026-06-15 23:00:00,12.5444,16.0,14.9987,6.99532,15.2683,16.0,10.8505,14.0,15.3896,19.0,23.669,2.57365,12.0,,6.08635,14.2574,30.0,9.0,0.5,6.0,3.51455,,4.75687
2026-06-16 00:00:00,9.11766,16.0,20.7485,11.6282,11.7163,0.5,7.22045,12.0,7.09168,14.0,22.4695,2.57329,10.0,,3.69445,13.0569,27.0,10.0,5.84909,6.0,10.5503,7.10859,4.75335
2026-06-16 01:00:00,6.84509,14.0,11.5284,11.6513,8.20608,0.5,8.44013,19.0,14.2028,15.0,21.2997,2.56962,6.0,,8.93039,7.11476,5.0,21.0,7.02296,15.0,4.69661,20.16,17.8751
2026-06-16 02:00:00,14.8309,17.0,10.3659,12.7997,10.5446,19.0,6.02058,14.0,7.08642,15.0,17.7313,1.28421,10.0,,6.55091,7.10784,8.0,13.0,5.84968,8.0,7.04169,14.2284,14.3132
2026-06-16 03:00:00,10.2671,14.0,6.90717,6.98354,8.19924,7.0,7.21266,20.0,7.07532,13.0,17.7203,0.5,6.0,,7.49444,8.29081,9.0,11.0,7.01223,8.0,4.68739,27.2352,21.4463
2026-06-16 04:00:00,10.2548,21.0,,10.4551,11.6996,11.0,7.20243,31.0,5.88396,23.0,21.2202,2.5678,10.0,,5.22963,8.27796,23.0,17.0,3.49938,8.0,9.36362,18.9064,16.6475
2026-06-16 05:00:00,9.10833,11.0,10.3262,8.11777,16.3473,17.0,9.58371,39.0,7.05627,21.0,18.8022,1.28304,21.0,,5.45409,10.6307,46.0,16.0,10.4628,7.0,4.67042,29.4722,16.5884
2026-06-16 06:00:00,15.9469,13.0,6.88537,8.1339,16.3269,20.0,9.59282,31.0,2.35206,32.0,38.8148,,18.0,,8.16299,9.43459,45.0,16.0,5.81364,8.0,4.67717,50.798,21.3248
2026-06-16 07:00:00,,15.0,10.4457,10.5665,17.5355,16.0,16.9764,17.0,7.10385,26.0,16.6656,3.8929,20.0,,4.37807,19.0566,29.0,25.0,14.1022,23.0,20.1272,32.2231,14.3355
2026-06-16 08:00:00,18.5046,10.0,12.9249,18.9242,17.6837,32.0,19.5281,23.0,27.5017,27.0,21.6817,5.22049,20.0,,7.496,20.3341,26.0,25.0,17.7817,29.0,31.0589,19.2423,18.0819
2026-06-16 09:00:00,18.6769,6.0,7.10254,16.7244,15.4961,9.0,20.9031,19.0,13.2419,11.0,25.4815,7.83665,7.0,,12.1525,18.0389,16.0,27.0,27.5203,30.0,25.2666,20.548,19.373
2026-06-16 10:00:00,18.8639,3.0,8.34966,10.8341,13.2398,8.0,4.93227,31.0,7.27357,19.0,13.4726,7.85462,,,12.85,10.9099,13.0,15.0,13.2671,25.0,13.2956,23.0896,19.514
2026-06-16 11:00:00,11.7764,3.0,8.38949,7.27126,4.83415,8.0,9.92334,21.0,12.1993,26.0,7.39856,,23.0,,11.6985,6.08958,15.0,10.0,6.05321,15.0,10.9559,13.4666,14.742
2026-06-16 12:00:00,5.91274,5.0,1.19843,3.65154,7.29926,9.0,7.48163,0.5,2.44682,12.0,2.47036,,6.0,,7.48452,7.35621,7.0,8.0,,12.0,8.56096,11.0449,13.5183
2026-06-16 13:00:00,11.8496,2.0,2.40662,0.5,9.77485,9.0,6.2424,0.5,,9.0,1.23521,1.31666,10.0,,2.22034,,7.0,6.0,4.88083,6.0,,7.3676,
2026-06-16 14:00:00,9.48885,3.0,3.60661,4.86891,3.65668,,,5.0,,8.0,,1.31651,5.0,0.5,7.02978,6.12738,5.0,10.0,0.5,2.0,3.65899,9.84472,18.5757
2026-06-16 15:00:00,1.1846,6.0,0.5,2.42677,,16.0,,11.0,,16.0,2.45569,0.5,1.0,2.43299,6.28647,,2.0,6.0,2.43115,1.0,,11.0429,7.39719
2026-06-16 16:00:00,,4.0,9.59994,8.51476,9.73098,5.0,6.2401,22.0,2.44418,,4.91764,9.20876,,3.64605,2.21535,0.5,0.5,6.0,0.5,9.0,6.06231,,11.0372
2026-06-16 17:00:00,,4.0,2.3753,1.204,6.04466,6.0,2.48055,1.0,,7.0,,1.30561,1.0,1.20693,3.93835,1.21703,7.0,12.0,1.20063,15.0,2.4136,8.50957,17.0796
2026-06-16 18:00:00,1.16628,8.0,4.72265,,9.60659,16.0,,7.0,1.20925,21.0,3.63493,1.30091,3.0,14.3637,3.42703,6.06649,6.0,15.0,0.5,3.0,7.19269,22.9633,15.7519
2026-06-16 19:00:00,2.32368,6.0,5.88206,4.75047,3.58585,10.0,9.82564,19.0,3.61854,34.0,,,3.0,11.9188,4.75416,13.2959,12.0,9.0,9.54264,6.0,0.5,18.0153,4.81659
2026-06-16 20:00:00,4.63283,6.0,4.69263,5.91696,17.8903,8.0,11.0184,15.0,8.42498,14.0,4.80588,9.06143,13.0,13.0661,5.58595,7.23074,14.0,5.0,7.13444,5.0,9.52398,28.7106,8.40158
2026-06-16 21:00:00,5.77855,7.0,3.5087,4.72812,13.0543,6.0,12.1995,14.0,13.1919,11.0,3.59655,10.343,8.0,20.154,10.5134,10.814,13.0,17.0,4.73906,7.0,11.8806,23.8809,15.5864
2026-06-16 22:00:00,5.76513,13.0,7.00809,8.2448,14.2085,4.0,7.3041,12.0,10.7481,9.0,15.5551,3.87355,6.0,11.805,8.92589,11.99,8.0,9.0,11.838,7.0,9.48102,13.1029,13.1788
2026-06-16 23:00:00,5.75721,9.0,10.4885,9.40432,7.0909,6.0,10.9341,10.0,4.76335,16.0,23.8706,12.8973,6.0,14.1481,7.101,9.56957,5.0,14.0,7.07761,10.0,7.10349,10.7798,13.162
2026-06-17 00:00:00,4.60383,10.0,10.4762,9.39709,10.6123,7.0,9.69483,9.0,15.4827,16.0,5.96285,5.15977,4.0,12.939,3.36129,3.58183,6.0,15.0,1.17681,8.0,9.44534,17.818,11.935
2026-06-17 01:00:00,6.90717,9.0,8.14638,5.86526,14.1385,6.0,8.48915,6.0,13.0911,15.0,11.9161,6.44825,4.0,12.9442,7.4301,8.3429,6.0,15.0,5.87981,12.0,9.46686,14.2516,11.9099
2026-06-17 02:00:00,5.75281,8.0,6.97004,3.5177,7.06477,6.0,12.1246,10.0,10.6847,12.0,2.37604,3.8682,9.0,14.0986,10.4331,11.9068,7.0,10.0,8.22264,15.0,7.10894,22.5913,7.14243
2026-06-17 03:00:00,4.5985,8.0,4.63641,8.20441,9.39947,4.0,8.46198,12.0,10.6617,19.0,11.8523,,9.0,11.7129,7.29739,14.2625,7.0,15.0,11.7296,9.0,,8.30626,8.33122
2026-06-17 04:00:00,5.7424,12.0,9.26823,7.0146,12.9206,6.0,12.0726,13.0,10.6481,17.0,13.0349,2.57917,12.0,15.2196,7.87524,9.50238,8.0,18.0,9.37338,9.0,5.90637,16.5864,16.6572
2026-06-17 05:00:00,12.6075,11.0,12.7418,10.5065,21.1479,12.0,13.257,,9.45161,25.0,17.7438,6.43326,9.0,15.1888,11.6916,13.0614,13.0,17.0,9.37018,14.0,7.07794,10.6461,15.4656
2026-06-17 06:00:00,5.72638,16.0,8.10828,5.85031,21.1357,14.0,13.2806,27.0,5.91851,15.0,28.4489,0.5,15.0,24.5595,12.9908,10.6988,18.0,27.0,12.9073,20.0,5.9118,18.937,15.5102
2026-06-17 07:00:00,19.5912,18.0,13.9807,15.3165,21.2533,17.0,23.0529,26.0,19.0845,26.0,16.7029,,15.0,21.2259,11.8199,16.7285,27.0,15.0,21.2189,19.0,17.8183,38.2513,19.2024
2026-06-17 08:00:00,19.7593,15.0,18.7672,13.0063,15.428,21.0,24.3214,26.0,26.3027,32.0,19.265,9.163,21.0,19.0165,11.4032,13.2046,28.0,24.0,9.5139,26.0,19.049,24.0211,18.1172
2026-06-17 09:00:00,8.14927,10.0,11.822,13.1128,23.902,21.0,18.3842,28.0,20.4214,27.0,14.5788,1.31048,11.0,13.1606,10.8533,20.5158,20.0,23.0,20.3254,18.0,22.8408,13.3053,10.9581
2026-06-17 10:00:00,5.8335,18.0,14.2681,12.0073,14.3793,25.0,15.9779,24.0,3.61467,19.0,8.49314,,16.0,12.0017,16.5014,9.66451,21.0,19.0,7.17855,20.0,9.62815,12.1309,7.30262
2026-06-17 11:00:00,17.5896,11.0,7.13113,9.64741,20.4927,20.0,18.5274,28.0,9.70314,40.0,18.2963,7.88761,15.0,16.867,24.6467,31.5223,21.0,19.0,18.0312,21.0,16.9108,18.225,19.5153
2026-06-17 12:00:00,4.70282,6.0,3.57916,10.9493,8.45557,8.0,16.1315,27.0,6.08692,24.0,15.8827,,27.0,15.6731,28.623,25.5356,19.0,14.0,15.6023,9.0,11.9739,,7.26486
2026-06-17 13:00:00,18.9366,3.0,4.8037,7.32059,14.5517,11.0,8.69482,37.0,20.7641,22.0,12.2267,3.9551,14.0,10.8251,16.4981,18.2432,12.0,18.0,6.03156,8.0,,4.86206,3.67177
2026-06-17 14:00:00,9.50336,,7.25148,0.5,18.3333,14.0,14.9593,22.0,14.7468,25.0,15.9161,,17.0,27.7715,19.8137,17.1106,25.0,21.0,18.0977,21.0,,18.3477,11.0475
2026-06-17 15:00:00,8.32415,6.0,7.24673,3.6689,7.33103,9.0,7.48667,4.0,12.3004,22.0,23.5233,,13.0,25.6275,14.8582,19.6702,13.0,20.0,,18.0,,13.4604,4.88942
2026-06-17 16:00:00,2.37066,5.0,0.5,7.32571,7.32414,,1.24437,1.0,,6.0,3.68121,1.31836,10.0,7.32015,2.71638,6.12904,13.0,12.0,,23.0,19.4448,11.0166,9.82612
2026-06-17 17:00:00,,5.0,11.9382,6.02741,13.3486,3.0,3.72114,6.0,7.32177,18.0,0.5,5.25031,5.0,1.20453,5.53849,,29.0,19.0,2.42179,0.5,,6.07676,12.2334
2026-06-17 18:00:00,,6.0,0.5,3.57644,8.40915,12.0,7.38133,16.0,,35.0,1.20781,2.6041,4.0,7.17692,6.14157,,29.0,,14.4132,,0.5,18.0772,1.21037
2026-06-17 19:00:00,3.4909,9.0,1.17728,3.56288,13.1278,17.0,11.0064,15.0,13.2317,20.0,6.01482,2.59585,9.0,8.328,9.87971,,17.0,13.0,15.573,8.0,13.0788,20.4304,19.3199
2026-06-17 20:00:00,,7.0,9.38099,3.55046,13.085,14.0,10.9821,19.0,5.98698,20.0,5.99751,5.18093,12.0,16.6214,10.9296,,26.0,11.0,15.5159,8.0,13.0723,37.1388,21.6746
2026-06-17 21:00:00,8.10959,14.0,9.3499,8.26213,11.8643,9.0,15.8135,24.0,7.18289,20.0,7.17853,7.76318,11.0,15.379,8.57003,,36.0,18.0,11.9232,7.0,16.6288,31.0862,13.2178
2026-06-17 22:00:00,10.3948,13.0,12.8494,4.71273,11.8541,9.0,7.28695,14.0,8.36875,17.0,22.6529,5.17554,10.0,16.4899,9.0345,,12.0,17.0,9.51438,10.0,13.0611,26.2835,14.408
2026-06-17 23:00:00,0.5,15.0,13.957,12.9081,15.3525,16.0,16.9718,14.0,10.6702,20.0,20.2171,,8.0,24.6634,12.5152,,13.0,13.0,9.46674,10.0,17.7496,21.434,15.5584
2026-06-18 00:00:00,,10.0,2.31751,7.00708,5.87131,1.0,6.03,8.0,3.53928,12.0,7.10557,1.28588,8.0,19.8685,7.19116,,8.0,11.0,14.1392,6.0,10.5869,18.9874,20.2964
2026-06-18 01:00:00,4.5654,8.0,4.62368,2.33195,5.86244,2.0,7.22447,17.0,,13.0,9.44223,7.71123,4.0,14.0098,,,4.0,10.0,8.22146,5.0,,10.662,10.7217
2026-06-18 02:00:00,4.56832,6.0,1.15344,10.4753,8.18852,5.0,4.81569,10.0,4.72161,8.0,17.6968,5.14374,,13.9934,,,19.0,20.0,4.69507,10.0,5.87612,7.10936,17.8548
2026-06-18 03:00:00,9.14833,8.0,4.61025,3.49071,4.67104,6.0,4.8118,8.0,3.54482,,4.71239,,7.0,18.659,,,15.0,11.0,7.03868,11.0,10.5842,16.598,15.4728
2026-06-18 04:00:00,7.99904,17.0,2.30424,6.98238,7.00304,8.0,8.41477,7.0,9.43828,9.0,9.41675,,6.0,6.98595,,,14.0,8.0,10.5593,7.0,12.9221,17.7773,14.2791
2026-06-18 05:00:00,7.99367,15.0,2.30246,6.96865,15.185,11.0,4.80025,39.0,0.5,,30.5658,0.5,6.0,8.14077,,,10.0,14.0,7.02705,7.0,10.5518,21.2975,21.3986
2026-06-18 06:00:00,6.84027,10.0,4.60502,3.48544,9.34753,18.0,15.5832,38.0,2.3542,25.0,32.9526,0.5,20.0,17.4329,,,30.0,11.0,14.0645,6.0,9.36609,20.0964,21.4028
2026-06-18 07:00:00,19.4043,26.0,11.5642,9.3671,21.0749,16.0,19.3342,28.0,13.0072,25.0,18.985,2.57288,23.0,24.5832,,,23.0,12.0,9.42557,9.0,27.0945,34.383,26.223
2026-06-18 08:00:00,24.0957,34.0,22.218,22.4872,11.7879,23.0,12.1106,17.0,22.602,26.0,23.7605,11.6553,17.0,22.3227,,,32.0,14.0,18.8999,26.0,27.204,38.1125,25.0899
2026-06-18 09:00:00,27.8809,12.0,18.8479,10.6943,24.9656,25.0,13.3614,33.0,16.7769,32.0,28.7473,7.81579,17.0,18.9249,,,27.0,31.0,21.3971,25.0,28.5819,27.5958,25.2558
2026-06-18 10:00:00,17.5395,10.0,15.4528,23.9985,23.9979,26.0,12.2593,31.0,,33.0,25.511,14.4025,12.0,17.9684,,,15.0,13.0,30.0586,20.0,34.9736,27.8,26.697
2026-06-18 11:00:00,10.5638,6.0,10.7322,12.0449,20.493,17.0,16.1152,27.0,,23.0,18.3443,1.31384,12.0,3.62172,,,17.0,12.0,25.3977,26.0,26.5449,31.6546,18.2371
2026-06-18 12:00:00,8.21632,7.0,1.19027,4.82419,12.0912,2.0,17.3974,42.0,,32.0,14.7188,2.63335,11.0,13.3128,,29.3688,29.0,26.0,10.8838,24.0,18.1229,19.3956,17.0428
2026-06-18 13:00:00,14.1412,6.0,7.17365,6.07375,3.63964,3.0,2.48771,30.0,9.85289,29.0,6.12277,2.63684,11.0,10.9032,,18.3201,23.0,12.0,18.205,8.0,9.60614,7.24534,4.84761
2026-06-18 14:00:00,10.6105,2.0,5.98047,4.85384,7.30209,8.0,0.5,11.0,14.7674,18.0,1.22414,,14.0,14.5789,20.3816,17.1016,22.0,15.0,13.3435,17.0,14.4615,18.2324,19.54
2026-06-18 15:00:00,7.07124,4.0,7.15675,7.26921,,10.0,3.74317,10.0,11.0887,32.0,3.69304,2.6432,8.0,18.2829,17.0801,22.1303,24.0,19.0,20.691,20.0,19.4201,25.6393,13.4516
2026-06-18 16:00:00,,5.0,2.38124,8.44988,3.63009,10.0,7.47953,9.0,1.23089,24.0,0.5,1.31996,5.0,8.46784,10.8601,6.12561,10.0,13.0,10.9531,13.0,13.2926,6.08928,10.9822
2026-06-18 17:00:00,,4.0,9.50316,2.39384,8.44154,11.0,4.94804,11.0,7.35079,30.0,3.64723,6.55847,2.0,12.0547,7.41207,12.2066,13.0,19.0,10.9064,7.0,4.8054,2.42372,12.1751
2026-06-18 18:00:00,12.7268,5.0,0.5,0.5,8.38243,10.0,0.5,7.0,,12.0,3.61684,,4.0,3.585,1.47475,4.84149,26.0,16.0,3.60395,5.0,,10.8479,13.322
2026-06-18 19:00:00,5.78737,6.0,4.68778,4.72869,10.6991,11.0,6.11693,5.0,1.20631,13.0,,5.1818,6.0,15.4364,9.97479,7.21854,11.0,12.0,8.3617,7.0,7.15006,14.4,12.0449
2026-06-18 20:00:00,4.61742,8.0,9.34801,8.25154,8.2925,10.0,8.52876,10.0,3.60127,15.0,7.18171,3.87225,8.0,14.2106,8.09127,9.58549,11.0,11.0,1.18904,8.0,9.49492,20.3429,7.19301
2026-06-18 21:00:00,5.75819,6.0,8.16036,8.23403,11.8354,7.0,3.6444,12.0,9.5823,29.0,4.77554,0.5,9.0,14.179,8.90524,14.3322,10.0,14.0,8.29559,7.0,7.10998,27.4273,9.56703
2026-06-18 22:00:00,4.5959,9.0,5.81853,9.39764,12.9722,7.0,6.0596,12.0,11.9529,28.0,5.96458,6.44444,6.0,11.7919,8.87822,8.35014,12.0,9.0,10.6608,16.0,16.5978,21.4921,13.163
2026-06-18 23:00:00,3.44194,7.0,3.4857,4.68989,14.125,8.0,7.26128,12.0,13.143,22.0,2.38056,2.57483,3.0,11.7839,12.3493,13.1028,9.0,12.0,7.0951,12.0,7.11233,16.7104,20.3853
2026-06-19 00:00:00,6.88636,6.0,5.80476,5.85057,10.5828,8.0,15.7206,8.0,11.9374,11.0,8.31936,7.72655,1.0,8.23448,11.0264,9.51408,6.0,9.0,10.6195,17.0,10.6489,10.7156,16.7492
2026-06-19 01:00:00,4.59315,7.0,8.10899,8.1926,4.69364,6.0,4.83535,6.0,7.14486,,13.0225,0.5,4.0,12.877,10.4181,8.30124,7.0,13.0,4.7009,15.0,,7.12966,10.7412
2026-06-19 02:00:00,6.8873,6.0,8.10281,11.6883,9.39309,7.0,1.20541,11.0,9.51651,9.0,15.3533,0.5,3.0,5.84039,6.56795,7.11128,9.0,11.0,3.526,11.0,5.88138,14.2405,13.1235
2026-06-19 03:00:00,6.88737,14.0,6.9488,12.8464,11.736,8.0,1.20443,9.0,2.37683,6.0,10.6202,5.13275,6.0,6.99828,2.97714,5.91915,10.0,10.0,5.87515,12.0,3.52571,14.2245,11.9264
2026-06-19 04:00:00,5.74154,13.0,11.5625,9.34189,9.3837,6.0,10.8372,18.0,4.74014,6.0,22.4356,,8.0,4.6607,0.5,5.91943,12.0,8.0,,8.0,8.21528,7.10318,14.292
2026-06-19 05:00:00,8.02231,15.0,8.08755,12.84,9.37619,16.0,9.63083,18.0,3.55014,10.0,23.6105,3.85193,9.0,11.6549,1.66109,2.36603,9.0,13.0,3.51416,5.0,4.68556,18.9283,8.31584
2026-06-19 06:00:00,5.7249,10.0,11.5498,14.0092,14.0679,24.0,8.42341,31.0,3.55089,23.0,29.5058,0.5,8.0,22.1649,8.65401,7.0924,19.0,9.0,2.33932,10.0,7.02694,22.4712,10.6765
2026-06-19 07:00:00,13.7438,14.0,12.7066,12.8364,25.8005,24.0,8.42856,32.0,13.0495,21.0,25.9858,,19.0,28.041,6.87595,4.72935,22.0,16.0,7.02722,9.0,14.0656,11.8071,10.6757
2026-06-19 08:00:00,13.7724,14.0,13.9046,15.2107,23.506,17.0,15.6902,28.0,40.4302,24.0,22.4935,2.5719,25.0,26.9516,7.60201,11.854,23.0,21.0,9.39946,17.0,15.276,15.3754,11.893
2026-06-19 09:00:00,14.9832,25.0,19.8086,20.0094,27.1842,24.0,16.951,36.0,21.509,41.0,26.2075,0.5,27.0,21.2285,,19.0825,24.0,22.0,13.02,23.0,24.9144,27.4411,26.3343
2026-06-19 10:00:00,15.0808,15.0,22.3503,21.3762,32.2064,26.0,17.0861,38.0,26.5031,31.0,,,15.0,24.9809,,15.6679,37.0,21.0,22.7842,27.0,24.0066,25.2692,15.7168
2026-06-19 11:00:00,22.1618,18.0,19.0072,24.0106,26.4877,12.0,25.8645,23.0,7.29292,18.0,,7.88063,12.0,15.6202,,14.5658,25.0,17.0,20.5532,15.0,12.1053,12.1305,6.08851
2026-06-19 12:00:00,17.6058,7.0,20.2758,18.1043,13.3453,7.0,11.1559,34.0,14.6912,19.0,,5.26023,13.0,18.1353,,18.3412,30.0,19.0,21.8622,8.0,8.50761,4.878,3.67351
2026-06-19 13:00:00,16.5615,7.0,8.39588,15.787,14.6087,19.0,4.97879,32.0,15.996,26.0,16.0691,5.28636,15.0,12.155,,13.4621,17.0,12.0,14.6426,22.0,14.6318,11.0385,7.38566
2026-06-19 14:00:00,14.2445,7.0,6.01494,8.5419,7.32425,7.0,,26.0,11.1271,25.0,8.64604,0.5,6.0,6.11058,,19.6372,23.0,14.0,15.9278,19.0,12.2099,27.0867,9.87974
2026-06-19 15:00:00,11.8898,5.0,4.81483,8.54305,11.0073,7.0,0.5,9.0,9.89443,20.0,11.151,2.64488,7.0,9.80848,,2.45717,17.0,12.0,20.8371,15.0,12.1755,13.4796,14.7095
2026-06-19 16:00:00,,4.0,6.00748,8.49441,7.3224,7.0,6.27818,10.0,,9.0,0.5,0.5,10.0,,,14.7145,15.0,14.0,6.06838,8.0,6.03467,,6.09386
2026-06-19 17:00:00,,2.0,1.19165,,7.28301,6.0,1.24792,6.0,,25.0,7.27464,0.5,10.0,3.5764,,4.85393,12.0,7.0,2.41268,7.0,12.0162,8.46145,14.59
2026-06-19 18:00:00,,6.0,4.7297,0.5,3.60992,9.0,4.97505,2.0,3.63304,24.0,6.03807,0.5,9.0,14.2995,,4.83745,16.0,17.0,13.1986,6.0,8.3611,13.2192,9.66352
2026-06-19 19:00:00,5.82831,8.0,7.05405,4.75422,17.9468,10.0,11.1233,23.0,7.2293,16.0,4.80366,5.19182,13.0,16.6136,,15.6647,16.0,22.0,0.5,9.0,16.6756,20.3705,19.2588
2026-06-19 20:00:00,0.5,11.0,8.21703,7.10648,13.1032,8.0,8.62944,16.0,12.0171,17.0,4.79548,2.59368,9.0,20.0653,,20.4241,23.0,16.0,14.3032,11.0,16.6255,21.5272,5.99546
2026-06-19 21:00:00,6.92238,8.0,7.01765,10.6279,13.0612,7.0,11.0743,12.0,16.8272,15.0,7.18406,3.88396,13.0,22.4388,,15.591,23.0,21.0,10.6918,14.0,14.2208,15.5109,14.3678
2026-06-19 22:00:00,5.75674,4.0,5.83253,1.17712,9.4608,7.0,19.6451,12.0,14.3584,18.0,5.96691,,9.0,15.3463,,15.5593,13.0,15.0,14.2552,12.0,9.47451,16.6745,10.7682
2026-06-19 23:00:00,12.6557,15.0,3.49321,5.86529,10.6162,8.0,8.58352,11.0,10.7281,15.0,4.76264,,9.0,15.3159,,9.53548,14.0,10.0,13.0245,20.0,11.8615,21.4395,14.3476
2026-06-20 00:00:00,9.20257,8.0,8.13284,5.85842,8.24083,6.0,2.44829,11.0,9.52692,21.0,8.3152,0.5,6.0,15.2691,,11.8969,10.0,20.0,10.6309,15.0,5.9099,17.8623,14.3476
2026-06-20 01:00:00,8.04134,12.0,5.80133,3.5096,3.52811,6.0,3.66446,,7.14643,14.0,8.29515,0.5,7.0,14.0706,,11.8892,12.0,12.0,7.07627,15.0,2.35717,21.3976,9.56521
2026-06-20 02:00:00,8.03777,7.0,12.7566,7.0199,11.7541,7.0,2.44366,15.0,7.14622,14.0,15.3789,1.28649,5.0,5.85585,,10.6929,10.0,15.0,5.8899,2.0,7.06946,14.2508,8.36023
2026-06-20 03:00:00,5.75084,7.0,9.27712,7.02577,9.41239,9.0,8.54964,22.0,3.55823,9.0,17.7535,,8.0,3.51284,,5.93789,21.0,14.0,7.06504,2.0,3.53272,10.6968,8.35474
2026-06-20 04:00:00,6.88869,10.0,11.598,7.03055,15.3306,11.0,10.9981,16.0,,8.0,17.7674,2.58429,10.0,14.0538,,3.5652,21.0,9.0,,4.0,8.24337,2.37257,4.7637
2026-06-20 05:00:00,6.87967,9.0,6.95823,10.5367,8.23391,10.0,12.2062,17.0,10.7135,20.0,28.3684,2.58121,21.0,10.5248,,7.11571,23.0,6.0,10.5847,6.0,12.9279,4.73402,7.14461
2026-06-20 06:00:00,8.00972,8.0,9.28149,12.884,14.1155,11.0,6.10043,20.0,7.13656,13.0,34.3128,0.5,19.0,26.9174,,4.75025,21.0,15.0,9.41126,6.0,11.7452,7.11255,7.14118
2026-06-20 07:00:00,16.0799,21.0,10.5245,16.5108,16.4966,15.0,28.3069,23.0,17.9418,30.0,22.6875,3.89894,19.0,31.8216,,15.4911,21.0,17.0,9.48587,21.0,17.8607,9.55478,9.5942
2026-06-20 08:00:00,25.5436,9.0,11.8057,23.7827,10.6832,32.0,14.7925,34.0,25.3069,31.0,17.993,6.54744,15.0,24.9201,,20.4497,18.0,25.0,11.9696,25.0,20.3761,15.6163,10.8539
2026-06-20 09:00:00,17.5443,6.0,9.52633,13.1268,19.1605,23.0,26.0506,32.0,23.0282,25.0,24.2707,3.93598,22.0,19.155,,13.3067,19.0,28.0,4.81653,25.0,18.121,18.1912,12.1674
2026-06-20 10:00:00,7.05482,4.0,9.57779,13.2655,16.8985,10.0,13.7658,39.0,15.8792,17.0,20.7951,3.95528,12.0,10.87,,9.72904,17.0,16.0,13.3466,20.0,14.5637,12.1956,12.238
2026-06-20 11:00:00,9.44084,3.0,7.22071,20.6562,15.805,11.0,11.3308,36.0,12.2348,32.0,12.3024,,8.0,13.3782,,8.56528,18.0,14.0,13.3931,15.0,7.29266,14.6533,9.79427
2026-06-20 12:00:00,7.11067,3.0,,7.33555,12.1969,12.0,13.8607,13.0,9.83761,31.0,17.2837,3.96213,8.0,13.4323,,8.57945,13.0,15.0,10.9758,15.0,15.904,8.56692,11.0591
2026-06-20 13:00:00,7.15113,3.0,3.63389,7.35874,3.67587,6.0,0.5,7.0,8.66193,11.0,11.1269,0.5,6.0,10.9501,,15.9859,14.0,12.0,20.6623,6.0,8.47734,18.3126,2.45608
2026-06-20 14:00:00,13.154,3.0,6.05762,,15.9386,7.0,,22.0,11.114,,2.45509,3.97257,6.0,1.20807,,7.31621,19.0,20.0,,,,,9.80216
2026-06-20 15:00:00,8.35972,5.0,,3.67895,12.2323,14.0,13.9024,8.0,1.23174,16.0,14.7982,3.96285,9.0,30.6013,,7.34706,13.0,7.0,9.71516,15.0,24.4182,17.2504,0.5
2026-06-20 16:00:00,4.77476,5.0,10.8993,6.1159,4.90905,8.0,10.1194,3.0,6.18545,12.0,14.8058,1.31828,6.0,11.0008,,11.0732,15.0,7.0,24.4696,14.0,16.9512,,13.3478
2026-06-20 17:00:00,,4.0,7.21108,2.42451,4.87431,5.0,5.02454,6.0,0.5,19.0,1.2198,1.31461,9.0,0.5,,6.08584,10.0,20.0,3.61812,9.0,,,4.80975
2026-06-20 18:00:00,,6.0,1.18719,3.59957,12.0637,20.0,6.21359,9.0,,15.0,21.7651,0.5,11.0,13.153,,4.83488,9.0,17.0,5.98009,5.0,3.56452,4.77028,8.40285
2026-06-20 19:00:00,1.17015,17.0,4.7144,8.34527,14.4012,11.0,7.41582,26.0,8.44587,26.0,16.8552,2.60546,23.0,13.0786,,14.4445,20.0,23.0,4.77175,6.0,4.73916,16.6677,9.58327
2026-06-20 20:00:00,3.49343,12.0,9.41283,3.56129,19.1136,11.0,3.69547,15.0,12.0462,13.0,15.6055,10.3879,19.0,20.1392,,12.0051,17.0,29.0,10.6979,11.0,5.90688,14.2469,10.754
2026-06-20 21:00:00,3.4806,17.0,15.2478,13.0233,15.4697,13.0,17.1866,9.0,16.8337,21.0,9.57248,6.48419,25.0,20.0823,,11.977,20.0,20.0,13.0466,8.0,11.8011,17.7867,14.3188
2026-06-20 22:00:00,6.93519,12.0,10.5431,13.0122,23.735,14.0,15.9522,16.0,14.3994,17.0,26.2345,9.05583,34.0,23.5764,,11.9644,26.0,21.0,14.2185,15.0,10.6191,16.5899,17.8758
2026-06-20 23:00:00,2.30754,10.0,2.32981,8.25122,14.2141,10.0,17.1589,17.0,13.1704,11.0,23.847,3.88428,14.0,21.2095,,13.1554,29.0,14.0,15.3993,10.0,15.3503,16.5974,14.3044
2026-06-21 00:00:00,10.3762,11.0,8.13436,9.40577,13.012,7.0,13.4846,8.0,11.9858,9.0,8.34424,9.04822,7.0,12.9672,,19.1108,26.0,16.0,8.26945,10.0,15.3531,20.1747,14.2932
2026-06-21 01:00:00,11.5239,9.0,6.96969,4.69136,5.90138,7.0,13.4932,10.0,7.16472,13.0,17.8412,,6.0,10.5981,,7.1501,10.0,17.0,7.07743,13.0,15.3283,19.0186,11.9342
2026-06-21 02:00:00,6.89441,6.0,2.32407,3.51809,9.4296,6.0,3.66803,16.0,,10.0,11.8723,0.5,8.0,8.22538,,4.75477,8.0,16.0,2.35105,10.0,2.34981,4.74105,7.1646
2026-06-21 03:00:00,3.44483,9.0,10.4445,7.02678,7.07104,4.0,6.11062,11.0,4.77689,12.0,7.11773,0.5,6.0,12.9048,,4.7507,10.0,17.0,0.5,8.0,3.52466,8.30083,2.38604
2026-06-21 04:00:00,3.43767,8.0,8.12788,7.02084,12.9529,2.0,4.88411,12.0,4.78148,11.0,17.7583,,,4.68118,,5.93675,10.0,4.0,2.34991,6.0,3.52367,11.8465,1.19105
2026-06-21 05:00:00,10.3214,10.0,8.10543,7.00614,7.05011,2.0,4.87194,12.0,4.77077,11.0,14.1941,,8.0,14.0165,,2.37202,21.0,10.0,2.34667,5.0,3.51341,8.26435,2.37606
2026-06-21 06:00:00,4.58898,10.0,3.46965,4.67232,8.23248,6.0,6.08229,16.0,5.95385,9.0,27.2263,0.5,8.0,9.33298,,,16.0,10.0,,6.0,5.85415,9.44535,4.7423
2026-06-21 07:00:00,14.9588,6.0,6.992,5.88203,15.3426,10.0,2.44615,,7.17991,8.0,21.4405,,8.0,14.1108,,,7.0,11.0,4.73018,6.0,8.27432,9.50061,1.19661
2026-06-21 08:00:00,11.5929,7.0,15.3196,17.8021,9.49865,11.0,11.1125,25.0,19.3104,8.0,15.6567,9.18694,13.0,23.7888,,13.2157,20.0,19.0,10.7627,16.0,16.7185,13.2238,9.64811
2026-06-21 09:00:00,22.2149,6.0,8.31915,14.3584,20.4333,11.0,11.1893,24.0,12.1551,8.0,14.5836,6.58935,13.0,12.0195,,10.8983,6.0,14.0,10.8567,11.0,8.45904,3.63618,4.86399
2026-06-21 10:00:00,18.8694,3.0,7.18971,9.64158,9.68378,10.0,11.2672,43.0,12.249,16.0,8.5939,0.5,7.0,9.68593,,10.9403,16.0,13.0,6.07056,18.0,9.72101,2.4377,7.33734
2026-06-21 11:00:00,9.50685,2.0,3.61515,9.70751,8.5288,7.0,7.5549,19.0,9.87352,20.0,8.65817,1.32108,4.0,10.9662,,11.0561,10.0,11.0,7.33364,16.0,7.32603,12.2756,8.60633
2026-06-21 12:00:00,7.15692,1.0,3.63303,8.56848,8.57582,5.0,6.32689,2.0,4.96315,14.0,9.95964,0.5,2.0,6.11837,,11.0927,9.0,13.0,15.9712,16.0,9.83617,13.5689,6.17183
2026-06-21 13:00:00,4.76699,5.0,4.85719,2.46066,9.84685,5.0,6.35487,7.0,1.24308,,3.72258,0.5,1.0,4.90812,,4.94504,7.0,11.0,9.87404,9.0,12.2915,9.87653,8.64431
2026-06-21 14:00:00,8.35315,4.0,,2.46497,4.92966,4.0,7.64812,9.0,2.49064,,,2.65717,1.0,7.3782,,2.47904,20.0,9.0,1.234,10.0,3.68671,11.1298,13.6535
2026-06-21 15:00:00,11.9525,1.0,4.84718,2.46,4.93315,2.0,0.5,26.0,7.47684,4.0,9.97991,1.32805,2.0,0.5,,13.6644,11.0,5.0,11.1026,7.0,8.59602,8.66477,4.96217
2026-06-21 16:00:00,0.5,1.0,2.41689,3.67626,8.59898,6.0,1.26831,14.0,,7.0,,0.5,,6.12485,,0.5,13.0,3.0,6.14495,7.0,4.8796,8.59676,8.6254
2026-06-21 17:00:00,,3.0,5.99424,,2.44105,10.0,,14.0,0.5,16.0,2.44962,2.6376,,4.86625,,1.2266,9.0,6.0,7.2999,,,,
2026-06-21 18:00:00,,5.0,3.56087,,2.41279,9.0,7.49897,5.0,,17.0,2.42788,,3.0,,,3.65727,19.0,12.0,,0.5,6.00001,,1.21213
2026-06-21 19:00:00,,10.0,5.89941,5.95758,8.38288,10.0,6.21405,4.0,0.5,11.0,1.20697,0.5,1.0,8.37399,,7.27626,9.0,8.0,6.01261,4.0,2.38606,12.0117,10.8593
2026-06-21 20:00:00,2.32675,6.0,7.05051,8.30796,13.1438,11.0,11.162,8.0,3.63012,11.0,2.4047,3.90303,10.0,11.9127,,7.22865,8.0,11.0,7.17789,11.0,3.57052,10.7794,3.60505
2026-06-21 21:00:00,2.32105,6.0,8.21321,4.73876,11.9098,7.0,8.66411,20.0,,6.0,4.80225,2.59564,8.0,13.0768,,12.0154,8.0,12.0,11.9224,9.0,10.7057,14.3243,8.38974
2026-06-21 22:00:00,4.63367,5.0,10.5376,7.09408,16.6514,4.0,6.17906,8.0,12.041,5.0,4.79382,3.89084,5.0,11.872,,12.0004,8.0,7.0,4.76088,11.0,11.9219,15.5518,11.9852
2026-06-21 23:00:00,4.62597,6.0,5.84134,7.07397,11.8696,6.0,7.39786,8.0,13.2017,10.0,5.97307,5.18177,3.0,10.6356,,10.7561,4.0,9.0,10.6921,7.0,5.95589,13.18,11.9904
2026-06-22 00:00:00,3.46218,5.0,11.6855,4.71613,15.3873,8.0,8.61303,9.0,7.18892,16.0,4.77545,7.77238,4.0,11.815,,11.9591,6.0,12.0,10.685,6.0,9.49824,19.1526,10.8006
2026-06-22 01:00:00,6.92934,4.0,7.00153,4.70654,7.08965,5.0,19.6621,10.0,13.1606,13.0,11.9096,7.76143,6.0,10.6078,,4.77573,7.0,9.0,5.92484,4.0,5.92202,15.5245,5.99731
2026-06-22 02:00:00,9.23479,7.0,11.6657,7.06658,8.26786,5.0,9.83724,13.0,10.7789,14.0,9.53284,3.87839,6.0,14.1363,,9.53942,10.0,7.0,4.73059,2.0,8.30109,13.1298,5.99404
2026-06-22 03:00:00,5.76333,9.0,8.16664,10.592,11.8107,7.0,6.13747,12.0,9.5776,21.0,11.8984,5.1732,9.0,9.41956,,8.34769,5.0,8.0,4.72737,5.0,13.0365,14.3203,12.0043
2026-06-22 04:00:00,9.17902,10.0,9.32482,10.5816,10.6273,11.0,4.90195,19.0,8.37065,18.0,11.9023,1.29305,9.0,16.4785,,9.54733,7.0,6.0,3.54592,6.0,10.6591,15.5137,14.4049
2026-06-22 05:00:00,5.73205,7.0,3.47491,7.03245,10.6013,12.0,8.57356,17.0,9.56192,19.0,7.13461,3.8766,7.0,8.24151,,15.4967,8.0,19.0,9.43115,18.0,8.27964,17.8933,13.186
2026-06-22 06:00:00,13.7716,10.0,8.10034,9.35482,7.05769,11.0,9.80164,19.0,11.9488,16.0,8.32244,1.29169,11.0,,,17.8592,12.0,25.0,16.5302,17.0,8.2831,22.6459,17.9691
2026-06-22 07:00:00,13.8543,10.0,11.6008,14.1161,11.7724,12.0,14.7225,17.0,11.964,19.0,13.1619,2.58032,8.0,4.72247,,9.53198,13.0,20.0,13.0257,20.0,7.12343,30.9972,13.2011
2026-06-22 08:00:00,15.108,16.0,14.029,21.3376,13.0295,11.0,13.5868,24.0,24.1101,23.0,15.6972,2.60035,16.0,14.3071,,15.6005,10.0,29.0,16.7567,23.0,26.3291,14.3976,14.4859
2026-06-22 09:00:00,18.73,6.0,20.0538,17.9417,19.1284,8.0,9.95662,24.0,13.325,13.0,13.3951,7.83856,25.0,15.6486,,14.4624,16.0,25.0,19.2576,21.0,19.3045,25.428,19.4109
2026-06-22 10:00:00,12.983,7.0,4.75048,15.659,14.473,4.0,7.51479,31.0,10.96,17.0,12.2372,5.2496,9.0,6.03638,,9.70277,5.0,17.0,4.85154,17.0,20.6348,18.2607,12.2027
2026-06-22 11:00:00,15.4235,4.0,10.789,4.85798,15.739,5.0,8.79748,31.0,14.7229,16.0,3.68467,5.27647,17.0,8.51324,,17.1313,12.0,12.0,10.9773,12.0,10.9545,23.2697,9.83426
2026-06-22 12:00:00,0.5,3.0,8.40411,14.6182,6.07216,16.0,8.82999,20.0,6.16689,8.0,,0.5,2.0,3.66141,,,7.0,10.0,1.22615,11.0,12.2682,14.7382,
2026-06-22 13:00:00,11.8873,4.0,,6.08914,7.32451,8.0,1.26113,12.0,1.23365,5.0,9.93281,1.32214,22.0,,,6.17068,7.0,6.0,8.60123,6.0,3.68226,14.7949,
2026-06-22 14:00:00,10.7273,6.0,7.25985,11.0338,9.81779,10.0,2.52568,3.0,1.2381,6.0,9.98647,2.64801,17.0,3.68196,,4.94165,2.0,5.0,0.5,5.0,9.84618,13.6064,11.1908
2026-06-22 15:00:00,16.7402,6.0,7.26966,4.90654,9.83045,8.0,6.34151,22.0,2.47993,12.0,,7.94336,5.0,4.91895,,3.71626,8.0,4.0,,4.0,1.23496,13.666,4.96893
2026-06-22 16:00:00,4.7753,5.0,7.2388,3.65927,6.12235,5.0,2.53061,29.0,,11.0,,5.28858,4.0,,,,6.0,3.0,1.22621,8.0,0.5,7.43009,17.4114
2026-06-22 17:00:00,,9.0,2.39547,0.5,1.21508,8.0,3.77105,7.0,,21.0,0.5,,2.0,,,3.68326,11.0,12.0,1.21729,4.0,0.5,3.68354,14.8016
2026-06-22 18:00:00,,7.0,3.56915,3.60199,9.66447,17.0,9.9707,7.0,,33.0,,0.5,1.0,13.2293,,1.21991,13.0,17.0,,0.5,1.20001,,4.88109
2026-06-22 19:00:00,,9.0,9.47152,5.98145,6.00792,12.0,11.1551,19.0,4.86782,24.0,6.05351,6.51054,5.0,17.9486,,4.86298,28.0,18.0,8.42485,5.0,10.7749,22.9135,6.05829
2026-06-22 20:00:00,0.5,10.0,5.88646,7.13733,15.573,12.0,8.66901,10.0,8.48977,18.0,9.65138,7.79003,6.0,16.7193,,10.9033,19.0,11.0,11.9937,6.0,7.1562,22.8365,9.65037
2026-06-22 21:00:00,1.14868,10.0,7.02236,7.0956,13.122,10.0,7.41826,12.0,8.45436,12.0,2.40295,2.59463,5.0,16.6667,,7.2388,12.0,12.0,8.37374,11.0,9.56054,20.3705,14.4365
2026-06-22 22:00:00,5.72018,7.0,5.80828,1.17218,8.24816,6.0,1.23003,13.0,4.79345,11.0,1.19135,3.88459,5.0,4.7233,,9.57816,8.0,11.0,3.56362,10.0,7.15214,14.3769,18.0342
2026-06-22 23:00:00,3.42839,4.0,4.62405,1.16842,3.52035,4.0,1.22194,9.0,1.19279,10.0,,,4.0,5.86933,,5.9448,5.0,15.0,7.07366,15.0,7.10032,10.7245,8.39194
2026-06-23 00:00:00,6.86234,7.0,5.77526,3.49909,7.02709,5.0,6.10295,5.0,11.9137,6.0,4.73462,,6.0,9.37161,,14.2332,7.0,16.0,4.70558,11.0,0.5,11.8874,7.17025
2026-06-23 01:00:00,4.58005,6.0,9.23762,3.50073,8.1943,7.0,1.21838,8.0,3.56836,10.0,7.07617,,4.0,9.34332,,5.91341,14.0,4.0,1.17389,8.0,,,1.19141
2026-06-23 02:00:00,8.02253,11.0,8.0818,8.16343,8.20636,7.0,3.64992,16.0,5.94021,11.0,8.26063,,12.0,4.67026,,,11.0,9.0,4.69324,4.0,,,2.37942
2026-06-23 03:00:00,10.315,9.0,6.93161,1.1669,7.03612,6.0,,12.0,4.75539,6.0,14.1574,1.28757,8.0,13.997,,10.6533,26.0,7.0,1.17352,,4.69443,11.8396,7.13443
2026-06-23 04:00:00,10.2931,11.0,6.92704,6.99734,10.5458,6.0,4.86017,18.0,8.31605,14.0,18.8239,2.57405,7.0,10.4888,,4.73226,29.0,8.0,3.5199,8.0,5.86708,11.833,10.7056
2026-06-23 05:00:00,10.2908,7.0,5.76945,4.6543,4.67968,8.0,3.64387,13.0,7.11636,,11.7597,1.2855,20.0,19.7898,,8.27156,36.0,5.0,14.0682,5.0,7.03545,14.1867,5.94256
2026-06-23 06:00:00,7.99273,12.0,6.9223,9.30853,16.3824,10.0,7.28637,24.0,8.2983,20.0,22.391,,12.0,18.6509,,13.0155,29.0,9.0,12.9098,7.0,4.68589,14.1894,9.51548
2026-06-23 07:00:00,13.7223,8.0,16.1748,6.99291,17.5879,13.0,8.52314,23.0,9.50888,23.0,27.1906,,15.0,28.1158,,14.2127,14.0,9.0,17.6253,18.0,10.5891,32.0227,15.5119
2026-06-23 08:00:00,16.1425,14.0,17.4983,15.2905,17.6737,18.0,9.78375,27.0,13.1321,29.0,21.5221,,17.0,23.6602,,16.6529,13.0,16.0,18.9423,29.0,18.9972,28.6382,23.9573
2026-06-23 09:00:00,23.2806,11.0,,30.8581,13.0555,9.0,21.0096,12.0,21.5858,12.0,20.5534,10.4309,20.0,14.3143,,30.0189,14.0,16.0,15.5174,20.0,19.1569,18.0489,22.8937
2026-06-23 10:00:00,11.6929,6.0,,14.3594,16.7459,10.0,13.6737,,19.3977,18.0,21.9338,15.7222,16.0,10.8387,,22.9371,16.0,17.0,14.3875,16.0,20.51,25.4137,15.7831
2026-06-23 11:00:00,11.7612,5.0,,7.23069,10.8499,11.0,16.2593,,14.6296,21.0,12.2389,7.88147,13.0,12.1016,,14.5654,13.0,19.0,14.5386,16.0,19.4541,26.8177,14.6627
2026-06-23 12:00:00,14.1811,10.0,13.2046,10.9511,10.9002,11.0,10.0436,20.0,4.90638,21.0,11.031,13.1641,9.0,14.586,1.46695,14.7084,14.0,14.0,9.75274,15.0,18.3388,14.7094,14.7246
2026-06-23 13:00:00,17.8091,7.0,10.8376,19.5326,9.74759,11.0,10.0834,52.0,18.4777,19.0,7.38361,10.5621,12.0,13.462,1.84258,13.5354,10.0,7.0,14.7075,14.0,7.35786,13.5089,11.0766
2026-06-23 14:00:00,15.4717,11.0,7.24162,13.4395,15.9206,16.0,15.1314,17.0,8.63721,23.0,14.8672,10.561,9.0,9.80994,,12.3156,11.0,15.0,11.0495,13.0,7.37241,19.7125,8.62857
2026-06-23 15:00:00,11.9012,11.0,13.2902,7.31009,7.3359,10.0,13.8853,,12.3553,12.0,13.6416,6.60378,8.0,,,7.38841,14.0,16.0,8.57938,13.0,13.5276,18.5365,12.3443
2026-06-23 16:00:00,1.18747,12.0,9.61433,14.6084,13.4133,12.0,12.6141,21.0,8.64337,22.0,3.69387,13.1892,12.0,13.4391,9.04177,1.23259,10.0,16.0,,11.0,4.87585,11.0667,8.5926
2026-06-23 17:00:00,4.72126,11.0,4.7674,0.5,6.04786,11.0,15.0305,19.0,0.5,30.0,0.5,7.85924,13.0,6.04771,6.31366,2.45327,11.0,11.0,,8.0,8.49232,17.076,14.6828
2026-06-23 18:00:00,0.5,8.0,5.91595,4.77473,9.61174,10.0,4.96796,2.0,,28.0,7.25332,5.20736,12.0,8.3874,8.24467,,17.0,20.0,,6.0,4.79435,9.6836,15.8035
2026-06-23 19:00:00,12.7982,12.0,8.22436,8.30876,16.7053,21.0,14.8103,17.0,9.65035,35.0,7.21458,6.49279,13.0,13.112,9.99947,15.7043,21.0,15.0,,6.0,4.76864,28.8784,16.9077
2026-06-23 20:00:00,5.78748,16.0,9.36907,14.2059,15.4547,9.0,9.83995,19.0,12.0189,20.0,5.99647,10.3607,7.0,11.8558,9.9273,15.6359,17.0,17.0,,8.0,11.8869,39.4501,18.0198
2026-06-23 21:00:00,10.4115,16.0,15.159,11.7816,17.7737,10.0,13.4681,23.0,11.9899,18.0,20.2722,6.46529,6.0,18.869,7.81874,15.5797,20.0,16.0,,9.0,17.7658,44.0367,16.7502
2026-06-23 22:00:00,10.3741,14.0,9.30299,18.8063,11.8248,21.0,13.4262,17.0,8.39113,20.0,22.5836,6.45288,10.0,15.2845,9.46088,19.1293,14.0,17.0,,11.0,28.3046,29.7086,17.8806
2026-06-23 23:00:00,10.369,10.0,6.97316,12.9136,16.5235,17.0,15.8495,32.0,7.15948,10.0,21.3627,1.28914,16.0,14.0893,10.9955,14.3059,19.0,14.0,,12.0,20.0324,29.6946,15.4869
2026-06-24 00:00:00,12.6763,9.0,13.9089,15.2409,14.1513,13.0,12.1766,17.0,7.14721,27.0,18.9567,3.86567,10.0,14.0657,8.70506,15.4727,13.0,19.0,,14.0,16.503,54.6145,19.0564
2026-06-24 01:00:00,10.3672,10.0,13.9238,12.8803,14.1332,22.0,7.29917,23.0,10.7131,17.0,30.757,5.15804,9.0,16.3921,11.4491,21.425,15.0,16.0,,9.0,16.4917,26.1819,26.2829
2026-06-24 02:00:00,8.05242,9.0,18.5672,9.36936,20.0028,13.0,14.6112,17.0,10.703,35.0,28.3887,3.86866,10.0,14.0361,9.53389,14.271,18.0,9.0,,8.0,17.6628,23.7879,17.9395
2026-06-24 03:00:00,11.5005,10.0,15.0777,19.9107,12.9438,10.0,9.75026,24.0,11.8819,20.0,23.6432,3.86498,14.0,21.0452,11.9212,15.4395,23.0,17.0,,7.0,31.7976,32.0848,21.5108
2026-06-24 04:00:00,6.89282,14.0,13.8999,11.688,16.4507,15.0,17.0268,27.0,14.2513,23.0,30.7026,1.28738,15.0,21.0281,10.366,20.1695,25.0,23.0,,8.0,16.4672,,19.0977
2026-06-24 05:00:00,8.01271,18.0,17.343,12.8365,18.7677,21.0,20.6434,26.0,11.8567,32.0,25.943,6.43078,14.0,21.0066,13.3145,16.6145,26.0,11.0,,7.0,16.4184,,21.3949
2026-06-24 06:00:00,13.7473,16.0,18.5252,19.8694,22.3048,8.0,14.5914,32.0,13.0451,36.0,40.1698,11.5835,26.0,31.5376,17.9388,17.8025,36.0,21.0,,15.0,15.2701,29.6646,17.8272
2026-06-24 07:00:00,31.1551,25.0,23.2375,21.1409,22.3486,9.0,19.5566,25.0,21.4827,34.0,23.7829,6.44073,18.0,27.0996,12.47,28.5252,25.0,22.0,,22.0,26.0634,30.9651,29.9224
2026-06-24 08:00:00,19.779,17.0,17.6032,16.6029,15.4182,11.0,14.7982,27.0,18.0348,28.0,22.8443,11.6658,17.0,30.9635,18.1461,27.484,17.0,18.0,,24.0,27.4647,38.3904,30.0903
2026-06-24 09:00:00,23.495,6.0,15.4068,22.7528,21.5564,11.0,13.6684,26.0,24.2408,,18.2427,16.9802,20.0,19.2082,16.7117,24.0678,25.0,21.0,,22.0,20.4316,28.9667,21.7895
2026-06-24 10:00:00,20.0347,10.0,15.4961,16.8893,,17.0,19.9662,33.0,15.8374,30.0,12.2138,6.53882,20.0,14.4749,17.1951,19.3925,29.0,18.0,16.9611,22.0,23.0337,29.1954,23.1439
2026-06-24 11:00:00,11.8347,14.0,14.3981,8.48827,,17.0,11.2779,27.0,12.2675,19.0,13.524,7.88238,9.0,6.06938,10.2545,14.6737,18.0,16.0,9.74381,20.0,15.8384,20.7998,13.4971
2026-06-24 12:00:00,19.1016,9.0,14.5069,4.861,19.4676,15.0,7.55053,23.0,3.70084,16.0,13.6033,7.91898,8.0,13.4206,7.12918,11.0685,14.0,20.0,3.67991,13.0,14.7059,13.5308,11.1064
2026-06-24 13:00:00,14.381,8.0,10.9201,12.2517,14.7196,12.0,10.1191,27.0,7.43306,13.0,14.9406,2.64681,9.0,14.7216,9.63861,13.5996,9.0,8.0,9.87369,14.0,11.077,,12.4112
2026-06-24 14:00:00,7.17342,9.0,12.1554,12.3102,15.9561,7.0,12.7153,10.0,7.44756,13.0,12.4647,3.97498,9.0,8.63886,5.96791,3.71882,8.0,6.0,13.6009,15.0,13.5873,,7.48082
2026-06-24 15:00:00,5.96151,11.0,14.5738,4.9117,9.84148,7.0,6.35863,28.0,1.24141,17.0,,,10.0,4.93724,2.86717,8.67085,9.0,6.0,11.1229,11.0,8.6585,12.4399,12.4844
2026-06-24 16:00:00,5.95552,10.0,7.25572,2.45443,8.57677,10.0,7.60913,,0.5,9.0,3.71489,1.32006,6.0,,0.746831,,,5.0,0.5,7.0,,7.45018,6.22447
2026-06-24 17:00:00,,6.0,13.2113,8.49784,6.0773,10.0,,,,23.0,2.45202,,5.0,,5.08296,2.45824,16.0,8.0,8.57466,3.0,3.6703,8.64148,14.8414
2026-06-24 18:00:00,0.5,11.0,8.32617,1.20004,10.8344,21.0,6.23629,0.5,,47.0,6.07235,3.92068,10.0,14.476,2.59522,1.22073,12.0,17.0,0.5,1.0,2.42227,9.76439,10.9906
2026-06-24 19:00:00,1.16904,15.0,9.4713,8.362,11.9699,17.0,12.4152,20.0,6.07122,30.0,6.04018,5.20903,8.0,21.5681,4.78356,6.0671,22.0,19.0,10.8124,4.0,,21.8452,13.3808
2026-06-24 20:00:00,9.31822,16.0,12.9545,4.75863,11.9209,17.0,9.9075,15.0,7.25374,28.0,12.0329,3.89434,17.0,14.3399,5.11534,14.5242,21.0,14.0,10.7779,10.0,7.18668,7.26026,12.1424
2026-06-24 21:00:00,8.12549,13.0,11.7432,13.0354,15.4561,14.0,12.3674,32.0,13.2691,23.0,6.00226,3.88996,14.0,20.1948,7.27459,10.8547,24.0,25.0,11.9454,10.0,13.1444,22.9268,9.6845
2026-06-24 22:00:00,8.10407,15.0,12.8489,11.8193,18.9684,12.0,7.39068,20.0,2.40471,20.0,20.3215,5.18146,8.0,15.3634,3.7516,8.40578,13.0,15.0,11.911,13.0,13.0822,22.7951,21.7157
2026-06-24 23:00:00,8.09469,16.0,13.9958,14.1605,13.0108,7.0,12.2921,15.0,7.21061,22.0,15.5224,5.17065,8.0,17.7274,7.33688,9.57849,12.0,16.0,10.69,11.0,14.2547,21.5541,15.6643
2026-06-25 00:00:00,11.5482,12.0,8.14956,10.5957,15.3528,5.0,13.4858,18.0,10.8139,18.0,25.003,2.58085,9.0,14.1419,6.11951,4.78578,11.0,7.0,10.6658,13.0,8.29016,17.935,21.6633
2026-06-25 01:00:00,10.3918,7.0,8.15282,9.40242,17.691,3.0,8.55664,18.0,4.78088,21.0,23.7666,3.86897,17.0,14.1045,4.66987,10.7517,12.0,6.0,10.6494,9.0,10.6458,35.8347,19.2431
2026-06-25 02:00:00,6.91634,4.0,11.6055,4.69478,15.2992,6.0,7.32269,20.0,10.7537,21.0,22.5594,5.16074,8.0,10.5703,5.50023,9.54471,18.0,6.0,9.45988,5.0,9.46194,22.6415,20.4085
2026-06-25 03:00:00,6.90635,6.0,11.6217,8.20844,15.2856,10.0,9.76629,16.0,4.76832,18.0,20.1624,3.87146,8.0,11.7367,9.92069,11.9159,24.0,10.0,12.9947,5.0,11.8138,20.2433,13.1516
2026-06-25 04:00:00,13.7876,9.0,11.5961,7.03772,12.9332,21.0,15.8824,23.0,8.34897,26.0,18.9437,,11.0,22.2904,3.70268,11.9067,24.0,11.0,5.89926,6.0,11.7902,30.9381,20.3086
2026-06-25 05:00:00,14.9192,7.0,6.95056,11.7044,16.4284,23.0,17.0723,26.0,7.14945,35.0,21.3093,1.29206,17.0,17.5628,6.08518,10.7109,38.0,13.0,8.24941,13.0,11.771,18.9865,21.4415
2026-06-25 06:00:00,17.1909,15.0,9.26923,11.7177,23.4957,26.0,12.1868,31.0,7.14805,35.0,39.0944,,20.0,25.7699,7.27095,14.275,39.0,18.0,21.2,11.0,9.41951,22.5113,17.8449
2026-06-25 07:00:00,23.0224,23.0,16.3206,17.6781,21.1903,27.0,22.0793,27.0,16.7641,26.0,28.6119,1.29699,23.0,37.7503,8.10719,19.093,26.0,20.0,11.8398,20.0,18.9715,51.2196,20.3379
2026-06-25 08:00:00,32.5119,17.0,16.4653,17.7878,24.8745,25.0,24.6784,29.0,19.2774,36.0,22.8535,5.23084,23.0,33.3466,11.8728,20.4049,24.0,27.0,19.1041,33.0,32.3371,28.8231,35.0342
2026-06-25 09:00:00,26.8659,18.0,17.8045,20.3384,27.5136,22.0,24.8547,33.0,27.8847,33.0,27.869,6.57209,19.0,24.0046,24.5215,28.9697,27.0,26.0,22.835,32.0,31.3056,27.8419,26.7739
2026-06-25 10:00:00,7.01135,10.0,14.3844,14.5049,14.4722,8.0,12.5474,19.0,17.1396,14.0,18.3638,6.58162,21.0,18.1486,14.334,21.8536,18.0,24.0,33.9566,32.0,15.7736,36.5651,23.222
2026-06-25 11:00:00,11.7442,16.0,,9.7253,9.70927,10.0,13.8437,29.0,16.0232,24.0,11.1017,2.64092,14.0,9.73029,7.83627,18.3565,8.0,18.0,14.6834,26.0,14.6451,17.178,15.9844
2026-06-25 12:00:00,21.3124,3.0,,3.66293,10.9711,11.0,7.58719,26.0,8.68005,23.0,7.45063,7.96354,9.0,14.6953,3.94245,11.131,12.0,14.0,9.85848,14.0,18.3902,13.5818,16.0978
2026-06-25 13:00:00,15.4413,5.0,,9.80874,8.58838,9.0,8.88576,9.0,1.24053,3.0,9.95826,2.65413,11.0,11.0741,2.48171,4.94735,9.0,9.0,,17.0,13.5361,19.8114,9.92711
2026-06-25 14:00:00,5.9508,3.0,3.63464,7.35251,4.90188,4.0,7.62465,10.0,3.71607,12.0,3.72135,0.5,10.0,1.23093,0.994813,4.95047,6.0,11.0,4.9323,10.0,9.8186,13.5934,12.3986
2026-06-25 15:00:00,15.5786,5.0,2.42186,3.67036,4.88772,3.0,3.79955,8.0,3.70578,7.0,,0.5,7.0,,4.1008,2.46693,6.0,16.0,,12.0,11.053,13.5766,11.1263
2026-06-25 16:00:00,9.59977,4.0,3.62931,4.88931,3.66306,6.0,7.58513,6.0,,13.0,1.23192,6.60608,5.0,7.35594,2.60568,6.17744,5.0,9.0,7.37698,9.0,2.4511,14.7863,9.88845
2026-06-25 17:00:00,,5.0,1.20163,6.06245,4.85741,5.0,10.072,5.0,0.5,23.0,2.44824,,,,1.73886,2.45848,12.0,8.0,0.5,8.0,0.5,23.296,12.3536
2026-06-25 18:00:00,0.5,9.0,1.19073,3.60776,6.02863,9.0,11.2326,1.0,,21.0,8.49688,3.92056,1.0,1.197,3.0886,,10.0,10.0,3.63396,8.0,3.63175,0.5,1.21912
2026-06-25 19:00:00,9.36657,10.0,14.2264,5.97663,12.0019,13.0,18.5717,4.0,7.28879,28.0,16.8973,11.7037,3.0,14.3136,3.80051,7.28441,27.0,19.0,9.60595,10.0,5.97955,26.4922,6.05096
2026-06-25 20:00:00,9.31811,11.0,8.26301,10.7118,14.3543,17.0,11.1108,18.0,4.84565,30.0,22.8457,3.89566,15.0,20.2013,2.5599,9.67434,17.0,17.0,7.17377,13.0,11.9019,25.1948,12.0414
2026-06-25 21:00:00,10.4764,16.0,17.6318,10.6779,9.52958,17.0,15.9894,14.0,7.2452,28.0,15.6032,11.6799,17.0,13.0585,9.91842,13.2635,24.0,17.0,5.9605,10.0,5.94559,19.1641,26.4738
2026-06-25 22:00:00,9.2901,15.0,14.0508,11.8296,20.1661,15.0,20.8823,19.0,7.2396,18.0,21.5696,5.18456,12.0,18.951,7.483,8.41837,18.0,11.0,4.75027,12.0,14.236,22.743,30.0665
2026-06-25 23:00:00,9.28073,20.0,17.5611,14.1773,15.3998,16.0,23.3253,27.0,9.64701,19.0,28.7219,0.5,12.0,14.2066,10.1038,9.60468,12.0,15.0,8.3134,13.0,14.2377,33.5016,25.2971
2026-06-26 00:00:00,11.5987,,22.2244,10.6194,20.1261,17.0,19.6334,17.0,3.6148,33.0,26.2702,3.88962,16.0,10.636,9.37721,13.1857,16.0,18.0,10.6828,12.0,9.48405,27.489,24.0618
2026-06-26 01:00:00,13.9018,18.0,18.7187,9.43741,13.0102,11.0,6.13449,22.0,8.41902,23.0,27.4268,3.88417,14.0,15.3327,9.96463,9.59317,22.0,16.0,9.47652,13.0,14.2117,25.0821,16.7923
2026-06-26 02:00:00,13.8794,15.0,14.0111,10.6051,21.2625,11.0,12.2527,14.0,2.40811,21.0,29.7987,2.58528,15.0,10.603,7.31423,9.57431,20.0,8.0,15.3818,10.0,13.0022,28.6144,19.1709
2026-06-26 03:00:00,12.7017,14.0,16.3388,12.945,14.1596,10.0,11.0356,15.0,10.8043,20.0,17.8805,5.16093,10.0,16.4895,5.38733,15.5336,23.0,10.0,11.8302,10.0,12.9975,28.5903,25.1991
2026-06-26 04:00:00,10.374,11.0,6.99218,10.588,16.5127,9.0,13.4501,27.0,5.98092,20.0,24.9983,3.87121,13.0,12.9422,7.30165,15.5438,20.0,15.0,5.90982,7.0,12.993,31.0064,21.5984
2026-06-26 05:00:00,12.6635,17.0,8.14245,17.6216,22.3854,6.0,10.9921,20.0,3.57938,23.0,23.7353,0.5,19.0,17.6201,8.49708,10.7259,20.0,15.0,10.6226,15.0,12.9728,29.7439,21.5148
2026-06-26 06:00:00,8.04748,24.0,11.6293,11.7625,19.9996,6.0,12.2264,28.0,10.7406,30.0,28.5203,1.29271,19.0,24.6542,8.59476,9.5333,33.0,11.0,10.6153,7.0,8.25728,33.3413,11.9321
2026-06-26 07:00:00,30.0545,,14.0496,14.1845,22.421,7.0,22.1501,26.0,18.0004,27.0,27.5294,10.3761,19.0,31.9504,6.32363,19.1482,34.0,26.0,16.6033,18.0,15.448,40.7766,27.639
2026-06-26 08:00:00,18.6114,38.0,20.038,17.8054,18.9933,7.0,13.6139,27.0,13.3048,33.0,18.0895,2.6022,16.0,32.1993,,,21.0,22.0,27.4642,54.0,27.4841,31.3226,25.3616
2026-06-26 09:00:00,24.6398,15.0,19.0562,15.5709,16.7681,9.0,12.4651,9.0,14.6,13.0,19.5,15.7168,10.0,12.0413,,,14.0,18.0,26.5269,25.0,24.0399,26.5835,37.5932
2026-06-26 10:00:00,20.0881,,11.9495,8.40623,12.0356,10.0,13.7449,21.0,11.0054,22.0,,,14.0,14.5026,11.8276,7.29373,21.0,11.0,13.3383,,15.7276,23.1492,18.3161
2026-06-26 11:00:00,20.1952,,14.4122,18.1373,16.9312,19.0,15.0426,17.0,15.9487,24.0,,,15.0,13.3831,12.9751,19.5879,20.0,15.0,18.302,8.0,17.0411,17.2614,23.3184
2026-06-26 12:00:00,17.8638,,19.2779,15.7879,23.0867,23.0,21.3875,29.0,15.9783,25.0,17.2453,24.9938,16.0,14.6359,10.826,17.1777,24.0,17.0,14.7028,29.0,15.8893,22.1547,18.524
2026-06-26 13:00:00,20.3018,,16.8911,18.2696,19.464,19.0,18.9087,21.0,12.3231,23.0,16.027,14.4848,11.0,,13.0773,20.8953,25.0,20.0,19.656,22.0,20.8585,25.8933,30.9226
2026-06-26 14:00:00,22.7002,,18.1418,19.5358,21.9447,18.0,15.1258,23.0,16.0076,24.0,14.7782,21.083,16.0,,12.4894,14.757,27.0,25.0,14.7283,22.0,13.4941,20.9885,26.0425
2026-06-26 15:00:00,11.9128,,16.9212,15.8446,18.3072,17.0,17.6665,14.0,19.7735,43.0,9.85942,18.4474,11.0,17.1324,13.4805,13.553,22.0,18.0,17.1697,13.0,8.57828,18.5382,29.7591
2026-06-26 16:00:00,8.31462,,22.9168,14.6024,18.236,19.0,13.881,13.0,1.23112,14.0,11.0589,18.4199,9.0,9.75574,13.244,15.9697,22.0,21.0,11.0024,14.0,7.32099,20.9266,16.0823
2026-06-26 17:00:00,10.6427,,21.55,20.5356,21.8052,23.0,20.0908,43.0,11.0367,19.0,8.54113,14.4192,14.0,7.28103,10.258,6.10666,20.0,20.0,12.1685,12.0,14.5927,23.2696,18.4384
2026-06-26 18:00:00,7.05119,,16.6129,10.7673,21.6189,17.0,12.4574,25.0,,47.0,15.7434,18.2608,21.0,22.8667,11.1813,9.73354,16.0,22.0,12.0637,15.0,12.0183,7.2724,23.1411
2026-06-26 19:00:00,9.33371,,22.3666,19.0651,28.6586,19.0,17.3002,32.0,7.24897,41.0,18.04,18.1994,18.0,21.3876,11.7108,10.8941,22.0,24.0,10.7562,15.0,4.76582,38.497,25.3858
2026-06-26 20:00:00,19.757,,15.2482,17.7777,16.6807,25.0,,33.0,15.6742,19.0,21.5615,19.4222,17.0,,16.9752,,28.0,28.0,15.4676,21.0,16.6085,,26.4272
2026-06-26 21:00:00,16.2484,,15.2344,17.7213,28.4894,21.0,24.5595,20.0,12.0268,31.0,23.8875,16.8415,21.0,23.6216,14.4494,20.432,39.0,38.0,14.2592,18.0,16.5797,,31.1275
2026-06-26 22:00:00,13.9033,,19.8644,17.6868,24.8445,22.0,25.7582,26.0,13.2043,33.0,34.5922,12.949,16.0,25.9614,16.715,22.8044,32.0,30.0,23.7395,21.0,15.3567,,29.8834
2026-06-26 23:00:00,19.6784,,22.2178,22.3849,17.7449,17.0,20.8361,23.0,12.0178,23.0,38.0926,16.805,22.0,18.8603,11.6625,25.1405,33.0,22.0,17.7867,16.0,16.5397,,21.5774
2026-06-27 00:00:00,15.0257,,18.7,18.8436,21.2755,13.0,17.1674,26.0,10.7877,55.0,28.5666,9.03594,18.0,17.6521,14.6332,20.3548,27.0,24.0,18.9639,16.0,16.5192,28.5796,31.1509
2026-06-27 01:00:00,18.5074,,17.4847,14.1057,21.2322,16.0,15.9068,26.0,9.60154,36.0,38.0338,10.3126,15.0,11.7568,15.12,20.3176,34.0,21.0,11.8166,16.0,17.6901,20.2189,27.5409
2026-06-27 02:00:00,11.5515,,16.2781,11.7366,17.6659,15.0,20.7588,26.0,13.1766,22.0,26.106,14.1684,18.0,12.927,11.855,17.9052,29.0,16.0,10.6281,15.0,14.1579,29.709,22.6814
2026-06-27 03:00:00,9.21669,,15.0888,17.5929,18.8284,16.0,25.66,25.0,13.1578,28.0,32.0304,9.01148,26.0,18.7933,14.7084,20.2693,32.0,21.0,16.5195,16.0,15.3265,26.1206,23.8297
2026-06-27 04:00:00,11.4864,,16.1961,15.2017,17.6183,18.0,20.7187,26.0,13.1446,18.0,27.2174,15.4302,22.0,16.4005,14.2078,14.2668,39.0,21.0,17.673,18.0,16.4611,34.344,19.0395
2026-06-27 05:00:00,20.6085,,15.0172,18.6628,22.2613,24.0,25.5451,35.0,13.0878,39.0,28.3421,7.70626,20.0,26.8738,13.3373,16.6312,29.0,28.0,18.7856,19.0,14.0726,21.2639,24.9072
2026-06-27 06:00:00,12.5878,,17.3551,18.7218,25.7635,27.0,24.3315,39.0,17.834,48.0,33.1326,10.3043,26.0,31.5863,16.2778,22.5628,32.0,21.0,17.6201,23.0,12.9197,41.5008,29.6494
2026-06-27 07:00:00,33.4262,,33.916,23.6606,22.3327,20.0,20.94,45.0,8.3897,34.0,28.8208,19.4907,33.0,36.7198,9.25997,21.568,29.0,30.0,23.7593,38.0,39.3771,41.9791,37.2381
2026-06-27 08:00:00,33.8408,,28.3735,25.0824,26.1256,19.0,14.8902,24.0,24.2286,23.0,29.1231,20.8951,25.0,28.7846,16.477,31.3872,28.0,25.0,33.6163,33.0,38.4186,37.4819,30.2447
2026-06-27 09:00:00,29.5123,,20.3191,21.6741,33.64,21.0,16.1993,25.0,28.0885,25.0,25.724,23.6365,35.0,22.9809,16.8256,18.2209,26.0,21.0,24.2561,23.0,26.6639,24.2906,25.594
2026-06-27 10:00:00,22.5754,,10.7992,21.8523,23.0497,21.0,21.3168,30.0,12.2383,14.0,17.2303,7.89152,11.0,18.2427,16.4996,12.2012,22.0,18.0,12.2049,19.0,17.08,17.0955,11.0557
2026-06-27 11:00:00,14.3152,,4.81282,15.8274,9.72241,17.0,1.25876,17.0,4.91066,24.0,11.1016,1.31811,9.0,12.2306,5.4111,1.22581,9.0,17.0,7.31588,10.0,13.4684,10.2472,14.8334
2026-06-27 12:00:00,11.9605,,10.8396,6.12307,8.53074,6.0,8.82982,19.0,9.85681,15.0,8.66579,10.5808,9.0,1.22401,6.88677,2.45875,12.0,4.0,8.56389,14.0,19.6336,,4.96595
2026-06-27 13:00:00,10.7862,,7.25729,12.2556,17.0991,8.0,6.32114,9.0,2.46755,19.0,2.48425,5.29555,8.0,8.61161,6.79088,12.3357,17.0,9.0,3.69118,12.0,9.82797,,9.93451
2026-06-27 14:00:00,14.4094,,4.85258,11.0551,6.10965,9.0,10.1547,9.0,8.66606,10.0,4.9662,7.96397,4.0,2.46237,7.06708,6.1862,18.0,9.0,11.1031,11.0,4.92166,11.9078,3.7312
2026-06-27 15:00:00,14.4294,,2.42603,12.3053,8.57096,9.0,8.8898,10.0,9.90888,11.0,,3.97343,6.0,11.0844,3.59965,6.17456,4.0,10.0,,7.0,3.68862,7.41911,11.1821
2026-06-27 16:00:00,13.2031,,6.06612,13.5152,12.2685,8.0,1.26864,13.0,1.2359,19.0,8.66655,5.2899,12.0,,4.96167,4.9265,9.0,11.0,7.38206,6.0,4.90448,7.42335,7.4693
2026-06-27 17:00:00,,,7.2503,2.43558,4.8781,6.0,10.1002,16.0,9.86946,9.0,2.45177,7.91222,6.0,,8.78641,4.9157,8.0,9.0,7.34545,5.0,0.5,12.319,9.89944
2026-06-27 18:00:00,,,1.19172,4.82081,3.62281,6.0,8.77501,12.0,,19.0,2.43578,2.61661,7.0,6.00779,6.43408,8.55524,11.0,18.0,4.85102,1.0,8.46945,15.8247,3.6891
2026-06-27 19:00:00,8.20081,,11.8072,13.1589,12.0117,19.0,13.665,17.0,7.29146,21.0,16.9003,9.11237,15.0,8.33944,5.62342,6.07664,38.0,16.0,12.001,5.0,,18.0956,9.72389
2026-06-27 20:00:00,10.4827,,12.9284,10.7163,15.5573,18.0,21.0555,19.0,2.42154,22.0,20.4433,11.667,12.0,20.1714,7.6668,4.8432,8.0,22.0,1.19539,9.0,8.34387,22.8419,12.1095
2026-06-27 21:00:00,13.9315,,16.4185,13.0749,16.7008,17.0,14.8439,13.0,7.25298,15.0,15.6141,10.357,16.0,,8.14014,4.82751,15.0,18.0,14.3441,9.0,23.8623,21.6193,14.5682
2026-06-27 22:00:00,17.3682,,21.0933,14.2129,20.2147,21.0,13.5637,13.0,13.3003,29.0,25.1875,15.5275,12.0,,5.93919,6.02307,18.0,18.0,10.7182,12.0,16.6473,18.0159,16.9404
2026-06-27 23:00:00,19.6624,,17.5521,17.7418,16.6083,18.0,13.5492,20.0,14.4381,24.0,20.3611,14.2239,14.0,,9.90542,12.0185,15.0,24.0,14.2282,14.0,16.6175,21.5827,18.1141
2026-06-28 00:00:00,18.4815,,15.207,15.3717,16.5811,13.0,19.6549,,13.2066,22.0,20.321,7.75324,11.0,,5.77851,10.8013,18.0,20.0,5.92949,13.0,13.0378,34.6584,14.4716
2026-06-28 01:00:00,16.1548,,15.1825,11.7939,20.0967,13.0,13.4589,18.0,9.58543,14.0,22.6701,9.0344,12.0,,8.88844,11.9934,1.0,15.0,7.10013,9.0,8.29394,20.3233,24.0618
2026-06-28 02:00:00,15.0026,,17.5062,11.7861,12.9895,10.0,11.0106,17.0,15.5791,17.0,23.8239,6.46242,9.0,,7.79369,15.5523,16.0,18.0,7.10104,9.0,13.0231,20.3217,18.0373
2026-06-28 03:00:00,18.4534,,12.8555,14.1432,11.8157,17.0,13.4506,17.0,13.1864,18.0,21.4189,5.17351,10.0,,4.68009,10.773,22.0,15.0,1.18216,10.0,8.27612,21.4631,12.0057
2026-06-28 04:00:00,9.20952,,12.8484,7.06247,9.4421,14.0,12.2074,20.0,8.37534,29.0,22.5757,2.58684,15.0,,5.15916,7.16775,36.0,15.0,2.36201,8.0,7.0759,16.6482,16.7863
2026-06-28 05:00:00,12.6383,,11.6397,11.7439,14.1218,19.0,14.6531,22.0,8.3476,26.0,24.9161,3.87404,19.0,,6.47436,13.1257,44.0,13.0,4.71949,10.0,8.2451,13.0618,11.9829
2026-06-28 06:00:00,9.19806,,4.65221,12.942,19.998,16.0,4.88629,22.0,8.35434,24.0,34.4621,9.08477,20.0,,2.5126,8.35333,48.0,17.0,8.27423,10.0,10.6254,13.0896,9.58638
2026-06-28 07:00:00,24.4145,,16.4769,28.4981,15.3525,23.0,12.3578,31.0,10.8157,28.0,22.8597,9.11609,15.0,,0.119529,18.0332,21.0,20.0,20.2805,27.0,16.6487,19.1545,10.8436
2026-06-28 08:00:00,19.9536,,11.8913,15.5617,20.2799,15.0,13.7051,32.0,24.3316,14.0,25.5333,10.4798,17.0,,7.82051,21.8323,24.0,14.0,22.9201,21.0,13.1823,21.7599,14.5829
2026-06-28 09:00:00,20.1197,,3.60102,22.9732,20.5259,11.0,13.7638,30.0,14.6958,11.0,15.9722,5.25207,14.0,,14.4871,21.9567,17.0,15.0,15.7685,17.0,25.5346,19.5017,9.79087
2026-06-28 10:00:00,11.8917,,2.39981,8.53105,9.73441,5.0,13.8423,12.0,11.0719,8.0,7.41327,,10.0,,1.83692,6.14713,14.0,15.0,22.0466,11.0,15.8862,8.5752,9.85893
2026-06-28 11:00:00,8.35459,,10.8928,,4.8856,6.0,7.57957,10.0,6.15841,10.0,,6.60368,7.0,,2.22062,3.69393,9.0,9.0,4.91709,6.0,0.5,8.61088,6.19828
2026-06-28 12:00:00,8.37686,,,11.0505,8.58845,5.0,2.53054,10.0,3.70963,9.0,1.23741,0.5,,,3.95827,,5.0,5.0,2.45934,7.0,2.45565,1.23671,4.96972
2026-06-28 13:00:00,0.5,,2.41631,4.90165,4.90056,7.0,7.58558,12.0,3.71236,4.0,7.42271,3.97613,,,0.37164,7.40382,6.0,2.0,,6.0,8.60542,1.23757,4.97654
2026-06-28 14:00:00,5.99018,,3.63018,6.12923,3.67814,8.0,7.60135,7.0,0.5,2.0,1.24015,3.97801,,,2.85109,0.5,5.0,5.0,,3.0,4.9177,7.42033,4.9718
2026-06-28 15:00:00,0.5,,,,0.5,3.0,6.34401,2.0,0.5,3.0,3.70289,,,,0.61979,6.16663,5.0,3.0,0.5,2.0,,1.23871,7.45538
2026-06-28 16:00:00,,,3.62114,,,2.0,1.26627,6.0,,,0.5,0.5,2.0,,0.866978,0.5,11.0,1.0,2.44111,1.0,0.5,1.23204,4.95341
2026-06-28 17:00:00,7.12677,,8.44273,6.07258,12.1648,,,8.0,11.07,12.0,,,1.0,,6.29333,,23.0,6.0,4.87443,2.0,,0.5,3.70068
2026-06-28 18:00:00,,,1.19362,10.8443,1.20588,,5.0086,6.0,,11.0,,,,,0.5,,12.0,5.0,,2.0,0.5,4.88195,1.22774
2026-06-28 19:00:00,1.16911,,4.73617,13.164,2.40141,0.5,12.4546,6.0,0.5,7.0,1.21026,5.19299,,,0.366988,,6.0,7.0,1.2016,3.0,2.40976,6.08216,4.89326
2026-06-28 20:00:00,6.97709,,4.72389,7.14602,3.58811,18.0,11.1711,6.0,0.5,7.0,4.82178,6.48128,1.0,,0.5,,4.0,12.0,,6.0,,12.0986,3.65729
2026-06-28 21:00:00,10.4299,,8.21031,9.4911,8.33223,8.0,8.63064,9.0,10.8201,,16.7733,5.17929,5.0,,9.3563,,4.0,16.0,8.36509,5.0,5.95482,12.0324,4.85113
2026-06-28 22:00:00,8.08725,,8.19742,14.1862,13.0601,10.0,6.1416,11.0,1.20162,12.0,20.3131,7.75793,7.0,17.7081,3.3765,7.20629,11.0,11.0,2.37542,3.0,4.74777,11.9845,8.45395
2026-06-28 23:00:00,10.3842,,8.18251,9.44646,11.848,8.0,12.2847,12.0,1.20008,19.0,19.0917,1.29274,8.0,11.8145,1.68139,7.20027,16.0,10.0,3.55553,6.0,7.119,11.9666,9.63932
2026-06-29 00:00:00,9.23318,,5.83214,10.6233,16.5808,7.0,11.048,19.0,3.60465,11.0,17.8907,0.5,8.0,10.6132,4.92736,3.59682,13.0,9.0,4.73757,9.0,8.29386,15.5136,9.62075
2026-06-29 01:00:00,13.8755,,3.49634,5.89472,10.6559,17.0,7.35148,14.0,0.5,18.0,13.1181,,12.0,7.07858,1.9205,5.99199,16.0,15.0,8.28835,7.0,8.28496,17.8895,8.39239
2026-06-29 02:00:00,11.5519,,8.17189,5.89246,7.09012,15.0,8.56621,12.0,8.3786,21.0,15.4777,0.5,9.0,34.1442,0.5,8.3722,33.0,8.0,4.72905,5.0,5.91337,19.0546,10.7744
2026-06-29 03:00:00,6.91235,,9.31471,5.88085,4.71965,10.0,9.77881,9.0,5.97696,14.0,19.0236,,17.0,15.2966,0.5,2.38955,32.0,6.0,3.54399,5.0,1.18133,9.52001,3.58096
2026-06-29 04:00:00,18.3844,,2.32212,4.69763,5.89109,16.0,10.9899,20.0,4.77347,17.0,22.5642,,21.0,8.22698,2.51225,9.54897,17.0,9.0,5.89616,5.0,4.71193,14.2607,9.53368
2026-06-29 05:00:00,14.929,,3.47931,3.51897,10.5966,17.0,10.981,27.0,2.38526,20.0,17.8011,2.59653,12.0,10.5658,1.07556,3.57656,22.0,8.0,5.89088,7.0,4.7121,5.93287,14.3157
2026-06-29 06:00:00,16.0504,,2.32317,1.17453,10.6059,,4.88171,12.0,0.5,23.0,17.8239,0.5,11.0,9.39817,0.5,7.15663,43.0,8.0,5.89815,12.0,2.35838,19.0077,8.35065
2026-06-29 07:00:00,19.6036,,9.37702,10.654,9.45357,5.0,13.5569,19.0,9.59207,26.0,22.7896,0.5,11.0,22.5236,2.38937,10.7664,16.0,20.0,4.74854,19.0,10.7118,15.5564,10.8168
2026-06-29 08:00:00,20.9478,,9.4024,13.1242,9.52492,4.0,21.1589,21.0,16.9851,10.0,19.4813,10.4571,21.0,37.3727,4.92289,22.9116,19.0,24.0,17.9722,26.0,19.2525,12.0559,9.696
2026-06-29 09:00:00,10.5424,,8.31864,24.0691,15.6102,2.0,8.76723,17.0,6.09938,7.0,12.276,0.5,10.0,15.7718,8.61008,18.2044,21.0,14.0,14.5334,21.0,20.6265,14.5847,12.204
2026-06-29 10:00:00,16.502,,4.79707,15.7561,8.46736,3.0,3.76109,15.0,3.66665,8.0,2.4498,5.2623,7.0,4.85075,2.68922,3.65377,2.0,8.0,3.64517,19.0,3.64531,4.88143,7.35588
2026-06-29 11:00:00,5.92726,,4.80293,4.86985,3.64178,3.0,3.77983,5.0,12.3213,12.0,7.36762,7.92842,4.0,1.21875,3.68196,1.22683,4.0,6.0,2.44353,6.0,8.54477,4.91646,4.93066
2026-06-29 12:00:00,15.5138,,6.03139,6.12431,7.33369,5.0,0.5,3.0,0.5,7.0,6.1862,2.64456,1.0,9.80475,6.76833,4.92067,4.0,4.0,7.39213,5.0,7.37739,2.47292,7.42104
2026-06-29 13:00:00,13.1664,,6.0421,7.37929,7.36444,7.0,5.07682,0.5,8.66367,11.0,9.92764,1.32516,,3.68368,4.21204,7.4056,5.0,,2.46815,5.0,2.46444,2.4769,3.72863
2026-06-29 14:00:00,,,,1.22487,7.35979,6.0,0.5,1.0,3.70608,10.0,1.23673,3.97592,5.0,,1.98539,7.39769,5.0,1.0,0.5,4.0,,1.23757,0.5
2026-06-29 15:00:00,1.19334,,8.46403,0.5,,6.0,1.26718,8.0,0.5,6.0,2.46986,3.96493,2.0,1.22527,0.5,,1.0,2.0,6.13929,1.0,1.22863,0.5,
2026-06-29 16:00:00,17.8958,,4.82755,24.4205,7.32802,7.0,7.60065,10.0,,12.0,8.64685,,1.0,8.60517,1.98004,6.13585,,,0.5,9.0,0.5,2.4711,
2026-06-29 17:00:00,,,1.19919,7.26546,3.64168,8.0,3.77334,8.0,,8.0,0.5,1.31279,2.0,,1.35718,9.8057,2.0,,6.09944,6.0,0.5,6.155,8.63498
2026-06-29 18:00:00,,,1.188,6.00483,3.61772,17.0,2.49562,6.0,,9.0,,3.9201,2.0,3.61151,1.4776,3.65713,6.0,,,,1.20474,6.07153,1.21993
2026-06-29 19:00:00,7.01209,,4.7264,5.97115,7.20823,11.0,6.19328,9.0,,25.0,24.0835,5.20817,4.0,2.38169,2.68492,7.28316,22.0,,0.5,1.0,,8.44228,9.68581
2026-06-29 20:00:00,16.3202,,10.6185,11.9174,13.1753,11.0,14.8593,17.0,8.48623,17.0,8.43822,6.50052,8.0,16.6911,5.22842,10.9047,16.0,,3.5883,4.0,4.76876,18.0305,14.4647
2026-06-29 21:00:00,11.633,,7.05376,10.6821,16.6721,10.0,8.64226,13.0,13.2741,14.0,12.0103,5.19881,9.0,16.6231,8.14146,14.4773,19.0,,2.38569,8.0,8.34184,22.8111,18.0552
2026-06-29 22:00:00,5.80003,,10.5632,13.0242,10.6837,6.0,11.0831,14.0,7.2093,9.0,18.001,1.29898,6.0,15.4063,1.45007,10.823,10.0,,3.57238,9.0,9.51225,19.1736,15.6271
2026-06-29 23:00:00,9.26485,,10.5456,11.8186,14.2143,6.0,13.5262,15.0,10.801,10.0,8.39545,5.18465,6.0,17.7805,6.502,8.40941,16.0,,8.32584,10.0,13.0751,21.6085,10.8553
2026-06-30 00:00:00,9.25956,,10.5264,9.44481,10.6489,11.0,7.36693,10.0,9.57321,15.0,9.56445,5.18116,1.0,16.5485,,5.99068,11.0,,7.11494,10.0,10.6936,16.7638,15.6515
2026-06-30 01:00:00,11.5614,,11.6743,7.07696,13.0133,10.0,7.35751,18.0,5.97799,8.0,15.4955,7.77027,1.0,12.9785,7.92224,9.58251,9.0,,5.92599,8.0,5.92505,22.6791,21.6371
2026-06-30 02:00:00,13.8549,,6.98825,4.70999,8.26894,11.0,9.80262,12.0,5.97733,11.0,25.0078,1.29613,10.0,16.5024,8.27196,10.7711,13.0,,8.2885,10.0,11.8417,32.2406,20.3953
2026-06-30 03:00:00,4.61073,,8.15046,7.05979,11.7987,14.0,11.0135,21.0,3.5783,18.0,21.3943,1.29668,8.0,12.9457,2.87464,13.1276,24.0,,7.0894,9.0,15.385,27.4138,10.8013
2026-06-30 04:00:00,11.5068,,8.13176,8.22322,17.6718,10.0,8.55214,36.0,8.34377,16.0,21.3673,5.1826,14.0,15.2786,4.42768,10.7253,26.0,,7.07606,7.0,10.6291,27.3763,9.56095
2026-06-30 05:00:00,12.6378,,8.11381,14.0665,10.5808,25.0,13.4173,20.0,7.14602,24.0,30.8356,3.88489,11.0,15.2652,4.53876,14.298,37.0,,8.2509,6.0,12.9668,38.0466,22.6641
2026-06-30 06:00:00,10.3338,,11.6212,8.24166,28.2454,24.0,10.9943,35.0,10.7201,51.0,38.0048,2.60346,22.0,25.8662,8.23592,17.8703,50.0,,4.72174,11.0,11.7973,30.9767,20.3019
2026-06-30 07:00:00,,,24.6604,15.4315,22.4143,11.0,21.0038,27.0,15.5889,22.0,19.265,6.5493,24.0,22.5729,5.96516,22.7693,21.0,,20.2817,23.0,26.3187,38.4619,30.1364
2026-06-30 08:00:00,29.264,,16.5828,26.2872,11.8944,11.0,26.0997,28.0,32.7078,23.0,19.4211,6.55287,15.0,30.0097,18.6984,31.403,22.0,,32.48,37.0,31.3419,33.8542,27.8905
2026-06-30 09:00:00,18.8025,,7.14448,27.6903,19.2291,8.0,10.0111,27.0,18.3315,15.0,12.2429,2.62547,8.0,15.751,22.4227,16.9841,11.0,19.0,14.4863,30.0,21.8231,23.0806,20.7266
2026-06-30 10:00:00,14.1867,,9.56762,16.9589,12.0796,8.0,2.50905,36.0,11.0438,,1.22244,10.5332,12.0,12.14,7.56836,3.64846,18.0,,9.70131,14.0,9.75606,17.1569,13.4535
2026-06-30 11:00:00,10.6545,,8.40665,15.8221,20.6727,10.0,12.6068,29.0,9.85906,,13.579,2.63993,11.0,19.5533,10.297,8.56013,19.0,12.0,13.435,18.0,14.6835,24.5903,11.0591
2026-06-30 12:00:00,9.47824,,2.40035,8.5084,7.29493,16.0,10.1135,,1.23316,23.0,3.70567,3.97219,6.0,3.67167,8.6269,13.5253,20.0,13.0,13.4799,13.0,1.22242,15.9661,11.1048
2026-06-30 13:00:00,4.74179,2.0,0.5,6.06748,7.30344,10.0,7.58889,26.0,3.70671,10.0,6.18088,0.5,1.0,9.79374,2.10419,3.6948,12.0,16.0,6.11769,8.0,8.58494,3.69604,14.8332
2026-06-30 14:00:00,15.4845,4.0,12.0336,25.6467,7.30324,7.0,12.6998,22.0,0.5,25.0,7.45447,3.9763,2.0,11.034,5.32404,13.6127,10.0,6.0,3.68494,8.0,11.0452,,12.4027
2026-06-30 15:00:00,4.76269,4.0,3.60766,4.86251,10.9565,6.0,3.80103,9.0,,15.0,,0.5,9.0,3.67313,0.24841,,6.0,11.0,8.55967,6.0,2.44337,,7.42129
2026-06-30 16:00:00,7.13966,8.0,8.43025,14.6218,8.52212,9.0,8.8622,9.0,8.64121,16.0,6.15924,2.64001,8.0,2.44312,1.73508,0.5,6.0,10.0,,4.0,2.43452,,17.2644
2026-06-30 17:00:00,,6.0,1.19797,4.83591,8.4928,11.0,3.77772,1.0,,13.0,2.45118,3.94415,5.0,,2.10196,0.5,4.0,16.0,2.43098,3.0,4.85658,13.4537,11.0557
2026-06-30 18:00:00,2.3574,7.0,7.15531,6.01555,3.62137,10.0,7.51075,,,13.0,0.5,1.30643,3.0,1.21123,0.5,3.65808,5.0,11.0,,10.0,0.5,8.52725,13.4471
2026-06-30 19:00:00,2.34302,11.0,7.12634,9.59499,9.61886,16.0,12.4845,2.0,0.5,10.0,2.42637,3.90734,2.0,8.4342,3.06386,7.29562,18.0,12.0,3.6127,7.0,0.5,18.2143,9.74887
2026-06-30 20:00:00,1.16458,15.0,9.43372,13.12,11.9828,17.0,13.6675,,,11.0,4.83327,3.89402,8.0,10.7505,6.34187,3.63524,13.0,,5.99836,7.0,7.19811,13.2952,12.1423
2026-06-30 21:00:00,9.30304,10.0,9.40562,11.8768,16.6958,12.0,11.1145,30.0,10.9035,25.0,20.4422,10.3573,6.0,11.8898,7.51669,4.8333,11.0,,9.55712,10.0,,22.9134,18.1486
2026-06-30 22:00:00,11.6105,7.0,14.0795,13.0512,14.2745,12.0,9.87272,12.0,7.23406,22.0,21.5868,2.59542,2.0,13.0578,10.0477,8.44341,27.0,,1.192,11.0,5.95087,16.8224,6.03731
2026-06-30 23:00:00,6.96011,4.0,11.6963,7.10129,20.1909,19.0,11.0848,22.0,1.20251,22.0,29.9474,0.5,4.0,13.0291,5.43737,9.62544,24.0,14.0,5.94445,7.0,8.31747,16.7714,9.62351
